epoch,time,train/box_loss,train/seg_loss,train/cls_loss,train/dfl_loss,train/sem_loss,metrics/precision(B),metrics/recall(B),metrics/mAP50(B),metrics/mAP50-95(B),metrics/precision(M),metrics/recall(M),metrics/mAP50(M),metrics/mAP50-95(M),val/box_loss,val/seg_loss,val/cls_loss,val/dfl_loss,val/sem_loss,lr/pg0,lr/pg1,lr/pg2
1,24.6505,1.02615,0.8808,2.77865,1.22788,0,0.42934,0.31481,0.30642,0.22084,0.43489,0.30314,0.31704,0.18992,1.09122,1.30347,100.923,1.36199,0,0.000365585,0.000365585,0.000365585
2,49.1851,1.12087,0.67454,2.10214,1.22029,0,0.5077,0.3361,0.37079,0.25407,0.5077,0.3361,0.37072,0.22609,1.06834,1.77332,92.6531,1.27877,0,0.00073519,0.00073519,0.00073519
3,74.0787,1.35,0.78502,2.19584,1.39903,0,0.51985,0.38412,0.32595,0.23154,0.51985,0.38412,0.32572,0.19782,1.06785,1.18746,22.0222,1.53556,0,0.00110406,0.00110406,0.00110406
4,98.7188,1.21264,0.70824,1.84455,1.29441,0,0.63326,0.30236,0.03915,0.02499,0.63386,0.30613,0.03968,0.02311,1.14563,0.84064,43.9151,1.49608,0,0.0011077,0.0011077,0.0011077
5,123.248,1.15935,0.6582,1.69074,1.26795,0,0.73811,0.475,0.48404,0.32068,0.73811,0.475,0.48404,0.29424,1.03946,0.67681,3.04667,1.09925,0,0.0011066,0.0011066,0.0011066
6,148.244,1.15473,0.55328,1.58303,1.22014,0,0.95263,0.29726,0.36723,0.22344,0.94858,0.29326,0.36213,0.19721,1.55841,0.73094,8.1274,1.55104,0,0.0011055,0.0011055,0.0011055
7,172.77,1.18062,0.60842,1.53984,1.30543,0,0.81591,0.28365,0.31066,0.21233,0.82049,0.27987,0.30703,0.18622,1.21377,1.20059,2.83756,1.29679,0,0.0011044,0.0011044,0.0011044
8,197.274,1.08677,0.61356,1.45564,1.23109,0,0.95555,0.3528,0.56296,0.42249,0.95555,0.3528,0.56296,0.38569,0.92887,0.6248,1.32336,1.13376,0,0.0011033,0.0011033,0.0011033
9,222.121,1.08961,0.5904,1.43649,1.2061,0,0.56916,0.52,0.51966,0.36722,0.56916,0.52,0.52349,0.33108,1.01689,0.64362,1.50527,1.18624,0,0.0011022,0.0011022,0.0011022
10,246.643,1.08694,0.57112,1.23791,1.17527,0,0.60277,0.64,0.73332,0.54544,0.60277,0.64,0.73332,0.47256,0.90514,0.61237,1.34057,1.11509,0,0.0011011,0.0011011,0.0011011
11,271.392,1.05637,0.53727,1.14768,1.19247,0,0.58045,0.60006,0.54079,0.41927,0.58045,0.60006,0.54307,0.36788,0.889,0.60585,1.44918,1.10026,0,0.0011,0.0011,0.0011
12,295.912,1.01294,0.55066,1.12909,1.16169,0,0.66898,0.62288,0.57122,0.44292,0.66898,0.62288,0.57122,0.37472,0.89893,0.6692,1.19739,1.11962,0,0.0010989,0.0010989,0.0010989
13,320.431,0.9914,0.5716,1.13751,1.15959,0,0.96734,0.32624,0.49517,0.36549,0.96734,0.32624,0.49517,0.30546,0.89949,0.6399,1.11665,1.10326,0,0.0010978,0.0010978,0.0010978
14,344.943,0.99787,0.53948,1.17718,1.16927,0,0.51124,0.49245,0.48825,0.35298,0.51124,0.49245,0.48825,0.30474,1.02887,0.77756,1.78054,1.22788,0,0.0010967,0.0010967,0.0010967
15,369.576,0.99513,0.60486,1.18284,1.15285,0,0.756,0.5,0.67192,0.54499,0.756,0.5,0.67192,0.49615,0.79065,0.67894,1.18547,1.05379,0,0.0010956,0.0010956,0.0010956
16,394.308,1.00802,0.57351,1.12952,1.17844,0,0.67736,0.62,0.5869,0.42809,0.67736,0.62,0.5869,0.36856,0.91502,0.60496,1.09386,1.11206,0,0.0010945,0.0010945,0.0010945
17,418.853,0.95327,0.61565,1.03281,1.09834,0,0.6221,0.74,0.76387,0.58175,0.6221,0.74,0.75968,0.51759,0.86151,0.66401,1.11611,1.0926,0,0.0010934,0.0010934,0.0010934
18,443.594,0.96716,0.58593,1.02317,1.16468,0,0.57776,0.74,0.61467,0.46802,0.57776,0.74,0.61467,0.40679,0.99213,0.70999,1.07414,1.16309,0,0.0010923,0.0010923,0.0010923
19,468.129,0.92372,0.52829,0.95135,1.1013,0,0.80546,0.60576,0.67026,0.48161,0.80546,0.60576,0.67026,0.41906,0.96393,0.71071,1.85346,1.1642,0,0.0010912,0.0010912,0.0010912
20,492.747,0.89545,0.5559,0.95919,1.08951,0,0.5098,0.83048,0.72892,0.5527,0.5098,0.83048,0.72892,0.48191,0.81596,0.61226,1.18309,1.12583,0,0.0010901,0.0010901,0.0010901
21,517.25,0.89771,0.49698,0.91361,1.08326,0,0.86734,0.69252,0.81199,0.6146,0.86734,0.69252,0.81199,0.56447,0.87565,0.67478,1.0587,1.06718,0,0.001089,0.001089,0.001089
22,541.965,0.94271,0.50266,0.96568,1.12642,0,0.91568,0.70116,0.79102,0.6411,0.91568,0.70116,0.79102,0.57999,0.8011,0.70615,0.85834,1.03564,0,0.0010879,0.0010879,0.0010879
23,566.689,0.85324,0.50511,0.8909,1.06661,0,0.64114,0.83745,0.79076,0.59959,0.64114,0.83745,0.79076,0.5328,0.80732,0.59162,0.83228,1.06394,0,0.0010868,0.0010868,0.0010868
24,591.177,0.87699,0.49048,0.83423,1.08783,0,0.82431,0.55518,0.69228,0.52032,0.82431,0.55518,0.69228,0.47889,0.84683,0.60077,0.87795,1.06268,0,0.0010857,0.0010857,0.0010857
25,615.688,0.85748,0.50867,0.81573,1.0718,0,0.82734,0.63698,0.63147,0.52207,0.82734,0.63698,0.63147,0.47984,0.79171,0.63281,0.95013,1.07541,0,0.0010846,0.0010846,0.0010846
26,640.26,0.82239,0.50216,0.81595,1.05654,0,0.60022,0.98,0.81456,0.65632,0.60022,0.98,0.81456,0.61052,0.76178,0.65304,0.86667,1.02847,0,0.0010835,0.0010835,0.0010835
27,665.022,0.83594,0.50202,0.85853,1.06931,0,0.8498,0.68821,0.72098,0.60028,0.8498,0.68821,0.72098,0.53501,0.79651,0.7421,0.91805,1.06982,0,0.0010824,0.0010824,0.0010824
28,689.565,0.87727,0.55895,0.87575,1.05792,0,0.56873,0.98,0.94473,0.72417,0.56873,0.98,0.94473,0.67859,0.80797,0.69996,0.87396,1.06982,0,0.0010813,0.0010813,0.0010813
29,714.291,0.80662,0.46529,0.75742,1.03405,0,0.91551,0.7,0.73448,0.60108,0.91551,0.7,0.73448,0.51335,0.81117,0.6669,0.77581,1.07369,0,0.0010802,0.0010802,0.0010802
30,738.82,0.85034,0.50066,0.79874,1.05234,0,0.5935,0.7504,0.727,0.58714,0.5935,0.7504,0.727,0.51619,0.81041,0.65046,0.87378,1.04328,0,0.0010791,0.0010791,0.0010791
31,763.302,0.8599,0.52073,0.81839,1.08651,0,0.59936,0.99623,0.83503,0.64017,0.59936,0.99623,0.83503,0.57197,0.78929,0.65857,0.83795,1.08647,0,0.001078,0.001078,0.001078
32,787.889,0.80203,0.4434,0.82685,1.04627,0,0.60848,0.65431,0.70844,0.5483,0.60848,0.65431,0.70844,0.4831,0.93835,0.62178,0.74104,1.11209,0,0.0010769,0.0010769,0.0010769
33,812.375,0.82536,0.43592,0.84725,1.0651,0,0.87614,0.73328,0.72901,0.61218,0.87614,0.73328,0.72901,0.52441,0.86502,0.66926,0.97855,1.09586,0,0.0010758,0.0010758,0.0010758
34,836.874,0.84708,0.49672,0.80255,1.04983,0,0.66664,0.88,0.86271,0.67168,0.66664,0.88,0.86271,0.58331,0.86081,0.68766,0.84418,1.08816,0,0.0010747,0.0010747,0.0010747
35,861.356,0.79839,0.48816,0.79222,1.05281,0,0.81555,0.94,0.94602,0.74196,0.81555,0.94,0.94602,0.66091,0.79286,0.61911,0.68931,1.04781,0,0.0010736,0.0010736,0.0010736
36,886.089,0.82105,0.45809,0.77514,1.04328,0,0.82976,0.78,0.9404,0.66668,0.82976,0.78,0.9404,0.60444,0.80146,0.65971,0.6964,1.06601,0,0.0010725,0.0010725,0.0010725
37,910.573,0.80111,0.47515,0.74045,1.03101,0,0.73199,0.91612,0.89713,0.69402,0.7227,0.91813,0.90632,0.60851,0.8191,0.6375,0.78125,1.07398,0,0.0010714,0.0010714,0.0010714
38,935.139,0.83251,0.51884,0.76413,1.07055,0,0.90586,0.70522,0.80463,0.64701,0.90586,0.70522,0.80463,0.57386,0.77913,0.64627,0.78656,1.05493,0,0.0010703,0.0010703,0.0010703
39,959.644,0.75761,0.46607,0.69941,1.00773,0,0.82209,0.76446,0.76349,0.63825,0.82209,0.76446,0.76349,0.5435,0.75777,0.66415,0.69248,1.03201,0,0.0010692,0.0010692,0.0010692
40,984.151,0.79511,0.47917,0.72921,1.02779,0,0.89461,0.76,0.81933,0.65608,0.89461,0.76,0.81933,0.57402,0.74834,0.63641,0.73811,1.05398,0,0.0010681,0.0010681,0.0010681
41,1008.65,0.76573,0.47542,0.74364,1.03358,0,0.89037,0.71167,0.92591,0.65316,0.89037,0.71167,0.92591,0.55589,0.71282,0.63077,0.69574,1.02831,0,0.001067,0.001067,0.001067
42,1033.16,0.75433,0.53836,0.73528,1.02145,0,0.63812,1,0.95306,0.75101,0.63812,1,0.95306,0.68381,0.79518,0.60729,0.67408,1.0535,0,0.0010659,0.0010659,0.0010659
43,1057.95,0.75348,0.4921,0.72564,1.02752,0,0.65992,0.75613,0.76756,0.65161,0.65992,0.75613,0.76756,0.58446,0.74282,0.65435,0.77591,1.04592,0,0.0010648,0.0010648,0.0010648
44,1082.46,0.76187,0.45921,0.7187,1.02019,0,0.77679,0.76812,0.77684,0.63144,0.77679,0.76812,0.77684,0.58284,0.78433,0.66324,0.69028,1.08578,0,0.0010637,0.0010637,0.0010637
45,1106.97,0.75358,0.46754,0.6963,1.02412,0,0.74011,1,0.94481,0.70857,0.74011,1,0.94481,0.63949,0.77035,0.63864,0.66264,1.05811,0,0.0010626,0.0010626,0.0010626
46,1131.48,0.75713,0.48634,0.67609,1.01987,0,0.85099,0.94531,0.97161,0.72105,0.85099,0.94531,0.97161,0.6074,0.81793,0.66523,0.67849,1.10728,0,0.0010615,0.0010615,0.0010615
47,1155.99,0.74391,0.4712,0.70618,1.02904,0,0.89802,0.73617,0.76315,0.61708,0.89802,0.73617,0.76315,0.54812,0.71829,0.64697,0.70887,1.0369,0,0.00106041,0.00106041,0.00106041
48,1180.59,0.74087,0.50454,0.68132,1.021,0,0.85988,0.74,0.76919,0.64292,0.85988,0.74,0.76919,0.56464,0.76993,0.67046,0.58291,1.08053,0,0.00105931,0.00105931,0.00105931
49,1205.07,0.74262,0.46995,0.73851,1.00097,0,0.90775,0.73167,0.74262,0.62278,0.90775,0.73167,0.77562,0.56599,0.75348,0.64572,0.65962,1.06862,0,0.00105821,0.00105821,0.00105821
50,1229.54,0.78254,0.47038,0.73218,1.03502,0,0.68438,0.99771,0.85689,0.63758,0.68438,0.99771,0.85689,0.56618,0.73649,0.66173,0.66424,1.05347,0,0.00105711,0.00105711,0.00105711
51,1254.04,0.76733,0.48534,0.77189,1.03167,0,0.86551,0.75119,0.80077,0.67253,0.65816,0.9,0.91593,0.60265,0.7676,0.6626,0.6435,1.04095,0,0.00105601,0.00105601,0.00105601
52,1278.55,0.70537,0.41715,0.66364,0.9923,0,0.7574,1,0.94627,0.69027,0.7574,1,0.94627,0.61499,0.76338,0.62217,0.62417,1.02734,0,0.00105491,0.00105491,0.00105491
53,1303.12,0.69796,0.44945,0.60416,0.98475,0,0.73683,1,0.95443,0.7131,0.73683,1,0.95443,0.63766,0.72787,0.65555,0.66614,1.01274,0,0.00105381,0.00105381,0.00105381
54,1327.6,0.71655,0.45911,0.68753,0.99516,0,0.88224,0.8821,0.94795,0.63914,0.88224,0.8821,0.93793,0.59858,0.78631,0.66711,0.6965,1.07163,0,0.00105271,0.00105271,0.00105271
55,1352.08,0.74479,0.4243,0.6972,1.03223,0,0.81226,0.92,0.94965,0.68229,0.81226,0.92,0.94965,0.60949,0.71727,0.64899,0.736,1.05538,0,0.00105161,0.00105161,0.00105161
56,1376.56,0.72955,0.45455,0.67951,1.00821,0,0.87998,0.63543,0.70397,0.59527,0.87998,0.63543,0.80297,0.52283,0.75249,0.65963,0.68374,1.03582,0,0.00105051,0.00105051,0.00105051
57,1401.15,0.68878,0.43798,0.65072,0.99702,0,0.91233,0.69167,0.80277,0.62016,0.91233,0.69167,0.80277,0.56885,0.82631,0.68028,0.69586,1.09402,0,0.00104941,0.00104941,0.00104941
58,1425.62,0.68127,0.44678,0.63043,0.98933,0,0.72659,0.9736,0.92644,0.63477,0.72659,0.9736,0.92644,0.58685,0.84216,0.63283,0.66157,1.10743,0,0.00104831,0.00104831,0.00104831
59,1450.11,0.68185,0.46337,0.62272,0.98714,0,0.83219,0.74,0.79071,0.6392,0.83219,0.74,0.79071,0.54591,0.75922,0.65945,0.62773,1.09243,0,0.00104721,0.00104721,0.00104721
60,1474.61,0.70239,0.46368,0.60092,0.99366,0,0.58107,0.88,0.81325,0.6527,0.58107,0.88,0.81325,0.58249,0.72333,0.60326,0.61611,1.03935,0,0.00104611,0.00104611,0.00104611
61,1499.1,0.69702,0.43747,0.59121,0.98714,0,0.77423,0.95167,0.93391,0.71501,0.77423,0.95167,0.93391,0.61695,0.78198,0.6097,0.61852,1.06501,0,0.00104501,0.00104501,0.00104501
62,1523.66,0.71673,0.49015,0.59593,0.98122,0,0.57421,0.87182,0.88005,0.6676,0.57421,0.87182,0.88005,0.59566,0.78621,0.691,0.64363,1.07016,0,0.00104391,0.00104391,0.00104391
63,1548.18,0.69245,0.43108,0.65581,0.99336,0,0.83536,0.96474,0.93776,0.65786,0.83536,0.96474,0.93776,0.63255,0.75632,0.65649,0.78266,1.07411,0,0.00104281,0.00104281,0.00104281
64,1572.67,0.69162,0.42785,0.64295,1.00043,0,0.86314,0.75617,0.8466,0.67268,0.86314,0.75617,0.8466,0.61086,0.70578,0.63983,0.62901,1.04023,0,0.00104171,0.00104171,0.00104171
65,1597.14,0.70307,0.43038,0.62234,0.99707,0,0.86818,0.76333,0.88341,0.64373,0.86818,0.76333,0.88341,0.57895,0.81266,0.70421,0.657,1.09574,0,0.00104061,0.00104061,0.00104061
66,1621.62,0.68888,0.42486,0.61584,0.98609,0,0.90808,0.88193,0.94751,0.72569,0.90808,0.88193,0.94751,0.65581,0.79922,0.63451,0.60195,1.10708,0,0.00103951,0.00103951,0.00103951
67,1646.11,0.70217,0.43306,0.59568,0.99881,0,0.92115,0.91123,0.95177,0.74272,0.92115,0.91123,0.95177,0.65641,0.84309,0.71966,0.64483,1.13902,0,0.00103841,0.00103841,0.00103841
68,1670.7,0.6888,0.45805,0.61102,1.0064,0,0.85077,0.79167,0.80206,0.63179,0.85077,0.79167,0.80206,0.54918,0.81369,0.70168,0.67627,1.11048,0,0.00103731,0.00103731,0.00103731
69,1695.18,0.68928,0.42382,0.60707,0.99989,0,0.79647,0.95073,0.94216,0.76014,0.79647,0.95073,0.94216,0.68245,0.76615,0.63362,0.64995,1.07246,0,0.00103621,0.00103621,0.00103621
70,1719.9,0.73617,0.45575,0.63422,1.01052,0,0.82097,0.76967,0.74884,0.6066,0.82097,0.76967,0.74884,0.52027,0.7866,0.67189,0.71024,1.09449,0,0.00103511,0.00103511,0.00103511
71,1744.42,0.74,0.45168,0.64285,1.02479,0,0.70768,1,0.93708,0.66751,0.70768,1,0.93708,0.62682,0.70436,0.66113,0.6051,1.05352,0,0.00103401,0.00103401,0.00103401
72,1768.89,0.69589,0.45766,0.57783,0.98592,0,0.86722,0.89846,0.9567,0.7328,0.86722,0.89846,0.9567,0.66505,0.72328,0.65421,0.63014,1.0458,0,0.00103291,0.00103291,0.00103291
73,1793.47,0.63536,0.4871,0.55535,0.95265,0,0.70838,1,0.96792,0.76138,0.70838,1,0.96792,0.6816,0.71323,0.65812,0.6408,1.04444,0,0.00103181,0.00103181,0.00103181
74,1818.16,0.64415,0.45257,0.57091,0.96011,0,0.70864,0.98,0.96109,0.72032,0.70864,0.98,0.96109,0.64873,0.73205,0.70348,0.65914,1.04057,0,0.00103071,0.00103071,0.00103071
75,1842.64,0.65509,0.43655,0.55725,0.96343,0,0.88142,0.91772,0.95818,0.75957,0.88142,0.91772,0.95818,0.69387,0.72921,0.70359,0.56557,1.0586,0,0.00102961,0.00102961,0.00102961
76,1867.38,0.6614,0.42681,0.56476,0.97197,0,0.88393,0.93167,0.94257,0.70084,0.88393,0.93167,0.94257,0.61996,0.74587,0.71733,0.55066,1.06455,0,0.00102851,0.00102851,0.00102851
77,1892.01,0.66355,0.39635,0.58724,0.98915,0,0.91509,0.89675,0.95499,0.75134,0.91509,0.89675,0.95499,0.67378,0.79026,0.69973,0.67013,1.09283,0,0.00102741,0.00102741,0.00102741
78,1916.49,0.64694,0.48288,0.57474,0.98336,0,0.82922,0.98417,0.95726,0.68891,0.82922,0.98417,0.95726,0.6263,0.71192,0.63624,0.5967,1.06332,0,0.00102631,0.00102631,0.00102631
79,1941,0.64613,0.41988,0.57758,0.97764,0,0.84893,0.99167,0.94519,0.70285,0.84893,0.99167,0.94519,0.62969,0.74354,0.59762,0.61785,1.09106,0,0.00102521,0.00102521,0.00102521
80,1965.84,0.68128,0.41201,0.58533,0.99777,0,0.75245,1,0.95426,0.77271,0.75245,1,0.95426,0.70576,0.68826,0.61429,0.60734,1.02766,0,0.00102411,0.00102411,0.00102411
81,1990.6,0.68088,0.43187,0.58826,0.98598,0,0.85853,0.97926,0.96762,0.76444,0.85853,0.97926,0.96762,0.68261,0.72667,0.59938,0.58621,1.0524,0,0.00102301,0.00102301,0.00102301
82,2015.12,0.65814,0.48857,0.5917,0.9698,0,0.90468,0.91927,0.96883,0.75761,0.90468,0.91927,0.96883,0.69655,0.75855,0.62203,0.62078,1.0876,0,0.00102191,0.00102191,0.00102191
83,2039.63,0.65743,0.44104,0.58256,0.98386,0,0.84383,0.8,0.96859,0.76389,0.84383,0.8,0.96859,0.71585,0.71693,0.62994,0.59192,1.03845,0,0.00102081,0.00102081,0.00102081
84,2064.33,0.65435,0.44341,0.58781,0.97896,0,0.58363,1,0.96941,0.73688,0.58363,1,0.96941,0.67432,0.73946,0.65188,0.62107,1.07306,0,0.00101971,0.00101971,0.00101971
85,2088.84,0.63659,0.40732,0.66937,0.9536,0,0.72066,0.98362,0.92572,0.67087,0.72066,0.98362,0.92572,0.59347,0.81432,0.72284,0.64466,1.13097,0,0.00101861,0.00101861,0.00101861
86,2113.34,0.66555,0.43393,0.58651,0.99502,0,0.88326,0.93046,0.95991,0.73603,0.88326,0.93046,0.95991,0.66535,0.71031,0.64725,0.68832,1.06645,0,0.00101751,0.00101751,0.00101751
87,2137.81,0.6164,0.46357,0.56942,0.96119,0,0.86393,0.96,0.94962,0.73327,0.86393,0.96,0.94962,0.66454,0.67697,0.64463,0.56705,1.04074,0,0.00101641,0.00101641,0.00101641
88,2162.3,0.68325,0.42539,0.57746,0.9994,0,0.88237,0.96789,0.9636,0.74716,0.88237,0.96789,0.9636,0.66058,0.72172,0.72094,0.55183,1.02617,0,0.00101531,0.00101531,0.00101531
89,2186.77,0.65955,0.43601,0.5896,0.99928,0,0.79128,1,0.97412,0.72482,0.79128,1,0.97412,0.68886,0.71498,0.66818,0.67763,1.0489,0,0.00101421,0.00101421,0.00101421
90,2211.33,0.63405,0.41463,0.67594,0.94037,0,0.82385,1,0.974,0.73689,0.82385,1,0.974,0.68755,0.74101,0.59643,0.53949,1.0582,0,0.00101311,0.00101311,0.00101311
91,2235.78,0.61331,0.38906,0.6427,0.95412,0,0.87397,0.96355,0.97658,0.77434,0.87397,0.96355,0.97658,0.67577,0.70596,0.60304,0.5702,1.06229,0,0.00101201,0.00101201,0.00101201
92,2260.28,0.63884,0.46948,0.54691,0.95766,0,0.70317,0.99167,0.97175,0.72012,0.70317,0.99167,0.97175,0.65571,0.72546,0.66552,0.62872,1.06341,0,0.00101091,0.00101091,0.00101091
93,2284.75,0.61699,0.42915,0.56657,0.94987,0,0.68449,0.99139,0.93989,0.69525,0.68449,0.99139,0.93989,0.64385,0.69641,0.62003,0.6619,1.03399,0,0.00100981,0.00100981,0.00100981
94,2309.25,0.61001,0.42647,0.55935,0.97062,0,0.75705,0.99167,0.95665,0.70941,0.75705,0.99167,0.95665,0.63247,0.6963,0.67537,0.62104,1.04632,0,0.00100871,0.00100871,0.00100871
95,2333.86,0.59591,0.40823,0.5568,0.95393,0,0.73591,0.92554,0.94674,0.72693,0.73591,0.92554,0.94674,0.66571,0.68798,0.66667,0.64905,1.05504,0,0.00100761,0.00100761,0.00100761
96,2358.37,0.61746,0.3894,0.5467,0.95699,0,0.67053,1,0.9423,0.75616,0.67053,1,0.9423,0.67654,0.71666,0.70957,0.5945,1.06681,0,0.00100651,0.00100651,0.00100651
97,2382.85,0.58033,0.4341,0.56918,0.92125,0,0.76556,0.98744,0.93878,0.72079,0.76556,0.98744,0.93878,0.62641,0.71768,0.64978,0.61991,1.04753,0,0.00100541,0.00100541,0.00100541
98,2407.37,0.6245,0.41821,0.56079,0.96524,0,0.69097,1,0.96604,0.68531,0.69097,1,0.96604,0.65973,0.70069,0.66686,0.62098,1.06092,0,0.00100431,0.00100431,0.00100431
99,2431.85,0.60406,0.41883,0.53012,0.93367,0,0.79476,0.8,0.97306,0.6574,0.79476,0.8,0.97306,0.59341,0.74286,0.68829,0.60186,1.11057,0,0.00100321,0.00100321,0.00100321
100,2456.32,0.62568,0.44581,0.53937,0.95751,0,0.90806,0.7592,0.83886,0.64357,0.90806,0.7592,0.83886,0.59545,0.70097,0.61723,0.64294,1.05396,0,0.00100211,0.00100211,0.00100211
101,2480.83,0.61909,0.39324,0.52635,0.94991,0,0.9037,0.975,0.96428,0.8142,0.9037,0.975,0.96428,0.75527,0.69243,0.59869,0.54115,1.0252,0,0.00100101,0.00100101,0.00100101
102,2505.58,0.6138,0.40393,0.53209,0.96253,0,0.90994,0.97132,0.96371,0.79193,0.90994,0.97132,0.96371,0.74084,0.71493,0.59876,0.59372,1.04192,0,0.000999911,0.000999911,0.000999911
103,2530.08,0.59024,0.38819,0.53594,0.95427,0,0.86968,0.95167,0.95534,0.79693,0.86968,0.95167,0.95534,0.71825,0.72226,0.80603,0.62331,1.03702,0,0.000998811,0.000998811,0.000998811
104,2554.59,0.60901,0.43914,0.56589,0.95402,0,0.68877,0.95498,0.89631,0.67614,0.68877,0.95498,0.89631,0.58691,0.72813,0.67326,0.64039,1.06261,0,0.000997711,0.000997711,0.000997711
105,2579.11,0.61627,0.38972,0.53434,0.95757,0,0.84143,0.77167,0.7859,0.63531,0.84143,0.77167,0.7859,0.5393,0.7614,0.63831,0.61316,1.06616,0,0.000996611,0.000996611,0.000996611
106,2603.69,0.57481,0.39669,0.52645,0.94766,0,0.79026,0.98,0.94353,0.74268,0.79026,0.98,0.94353,0.66763,0.75395,0.71146,0.58299,1.07918,0,0.000995512,0.000995512,0.000995512
107,2628.17,0.56394,0.37132,0.54777,0.92959,0,0.73996,1,0.96255,0.78747,0.73996,1,0.96255,0.7082,0.71303,0.67305,0.57571,1.03781,0,0.000994412,0.000994412,0.000994412
108,2652.67,0.56402,0.43449,0.48509,0.92918,0,0.88367,0.75167,0.81819,0.67306,0.88367,0.75167,0.81819,0.57288,0.71528,0.76322,0.6015,1.04993,0,0.000993312,0.000993312,0.000993312
109,2677.2,0.57985,0.40303,0.54623,0.95932,0,0.81218,1,0.96746,0.71817,0.81218,1,0.96746,0.65867,0.68737,0.67121,0.57135,1.04959,0,0.000992212,0.000992212,0.000992212
110,2701.71,0.61009,0.38745,0.55005,0.97085,0,0.82095,0.98,0.97449,0.71491,0.82095,0.98,0.97449,0.67454,0.72661,0.63259,0.54019,1.08133,0,0.000991112,0.000991112,0.000991112
111,2726.18,0.57075,0.35794,0.50406,0.93544,0,0.88934,0.93598,0.95716,0.74337,0.88934,0.93598,0.95716,0.69324,0.70185,0.64467,0.55721,1.03343,0,0.000990012,0.000990012,0.000990012
112,2750.69,0.57097,0.3962,0.48767,0.93411,0,0.79329,1,0.96967,0.75264,0.79329,1,0.96967,0.68476,0.6853,0.67254,0.52934,1.02312,0,0.000988912,0.000988912,0.000988912
113,2775.18,0.57101,0.38581,0.5059,0.94745,0,0.84697,0.99835,0.97113,0.69669,0.84697,0.99835,0.97113,0.62614,0.87341,0.69069,0.53187,1.14008,0,0.000987812,0.000987812,0.000987812
114,2799.66,0.55358,0.41191,0.5063,0.91973,0,0.84562,0.98061,0.96448,0.78307,0.84562,0.98061,0.96448,0.7189,0.68313,0.67504,0.47436,1.03905,0,0.000986712,0.000986712,0.000986712
115,2824.15,0.58849,0.38951,0.53202,0.95573,0,0.84227,0.98,0.95634,0.83845,0.84227,0.98,0.95634,0.78887,0.68485,0.6217,0.5896,1.0436,0,0.000985613,0.000985613,0.000985613
116,2848.86,0.55116,0.35678,0.48426,0.9376,0,0.76037,0.96236,0.96469,0.71131,0.76037,0.96236,0.96469,0.63485,0.7596,0.68556,0.58213,1.08306,0,0.000984513,0.000984513,0.000984513
117,2873.35,0.56807,0.40826,0.49927,0.92061,0,0.75794,0.96244,0.95729,0.70613,0.75794,0.96244,0.95729,0.67029,0.76226,0.69086,0.5871,1.1021,0,0.000983413,0.000983413,0.000983413
118,2897.81,0.57725,0.39629,0.51092,0.95365,0,0.78687,0.95912,0.958,0.71794,0.78687,0.95912,0.958,0.65449,0.70892,0.68261,0.60829,1.0803,0,0.000982313,0.000982313,0.000982313
119,2922.35,0.54233,0.40548,0.46781,0.92434,0,0.8772,0.9902,0.95947,0.73274,0.8772,0.9902,0.95947,0.65491,0.7027,0.67574,0.54901,1.0683,0,0.000981213,0.000981213,0.000981213
120,2946.86,0.52904,0.41104,0.48099,0.92904,0,0.90067,0.97532,0.96509,0.7639,0.90067,0.97532,0.96509,0.68043,0.71572,0.69854,0.53342,1.08983,0,0.000980113,0.000980113,0.000980113
121,2971.36,0.55224,0.39958,0.51254,0.95942,0,0.86328,0.99824,0.97141,0.73592,0.86328,0.99824,0.97141,0.64619,0.71419,0.7455,0.48023,1.07724,0,0.000979013,0.000979013,0.000979013
122,2995.88,0.5444,0.41051,0.5349,0.92565,0,0.83782,0.99597,0.95577,0.80457,0.83782,0.99597,0.95577,0.7267,0.68899,0.62877,0.61528,1.04717,0,0.000977913,0.000977913,0.000977913
123,3020.34,0.57144,0.39717,0.57419,0.95324,0,0.8672,0.94368,0.96012,0.82122,0.8672,0.94368,0.96012,0.735,0.69682,0.60542,0.5561,1.02254,0,0.000976813,0.000976813,0.000976813
124,3044.83,0.53013,0.37966,0.46704,0.91256,0,0.86637,1,0.94947,0.75392,0.86637,1,0.94947,0.68646,0.68554,0.66264,0.51732,1.02612,0,0.000975714,0.000975714,0.000975714
125,3069.35,0.54858,0.42506,0.47636,0.92227,0,0.93214,0.755,0.96009,0.74586,0.93214,0.755,0.96009,0.70721,0.72305,0.62173,0.56242,1.04454,0,0.000974614,0.000974614,0.000974614
126,3093.92,0.57359,0.42106,0.49221,0.93237,0,0.8753,0.77096,0.92906,0.74096,0.8753,0.77096,0.92906,0.65298,0.73044,0.66762,0.5738,1.04639,0,0.000973514,0.000973514,0.000973514
127,3118.44,0.5207,0.37976,0.47493,0.9206,0,0.87994,0.84881,0.93728,0.71748,0.87994,0.84881,0.93728,0.6431,0.74296,0.73582,0.63833,1.06984,0,0.000972414,0.000972414,0.000972414
128,3142.96,0.57831,0.39845,0.51282,0.93716,0,0.80345,0.99349,0.96866,0.77287,0.80345,0.99349,0.96866,0.69669,0.67941,0.6589,0.51979,1.05544,0,0.000971314,0.000971314,0.000971314
129,3167.47,0.57044,0.38363,0.48014,0.93206,0,0.72119,1,0.96316,0.74182,0.72119,1,0.96316,0.69699,0.70134,0.67605,0.61077,1.07311,0,0.000970214,0.000970214,0.000970214
130,3192.01,0.57523,0.38585,0.4819,0.95081,0,0.80986,0.99167,0.96295,0.79094,0.80986,0.99167,0.96295,0.73122,0.7502,0.64351,0.55299,1.06546,0,0.000969114,0.000969114,0.000969114
131,3216.5,0.55026,0.38085,0.46687,0.93141,0,0.85547,0.98333,0.96411,0.79603,0.85547,0.98333,0.96411,0.74349,0.7095,0.67198,0.53421,1.03803,0,0.000968014,0.000968014,0.000968014
132,3241.1,0.58227,0.3899,0.4942,0.93305,0,0.80058,0.99782,0.956,0.72145,0.80058,0.99782,0.956,0.64131,0.73332,0.70868,0.57702,1.05194,0,0.000966914,0.000966914,0.000966914
133,3265.63,0.51961,0.38427,0.4554,0.9045,0,0.81064,0.93167,0.94775,0.77304,0.81064,0.93167,0.94775,0.71631,0.67323,0.66634,0.62003,1.01465,0,0.000965815,0.000965815,0.000965815
134,3290.15,0.54648,0.40267,0.45827,0.93777,0,0.84693,0.95007,0.95397,0.81031,0.84693,0.95007,0.95397,0.71968,0.66705,0.6804,0.5709,1.00976,0,0.000964715,0.000964715,0.000964715
135,3314.68,0.52821,0.39227,0.46701,0.92607,0,0.80956,0.95167,0.93727,0.76757,0.80956,0.95167,0.93727,0.66921,0.70106,0.68692,0.5414,1.04562,0,0.000963615,0.000963615,0.000963615
136,3339.2,0.55776,0.38892,0.49279,0.94135,0,0.7222,0.97964,0.91855,0.69222,0.7222,0.97964,0.91855,0.62411,0.80802,0.78567,0.7639,1.11015,0,0.000962515,0.000962515,0.000962515
137,3363.72,0.5678,0.4052,0.4605,0.93458,0,0.86665,0.95377,0.93652,0.70291,0.86665,0.95377,0.93652,0.61105,0.69575,0.63353,0.57454,1.0657,0,0.000961415,0.000961415,0.000961415
138,3388.29,0.53946,0.41658,0.46693,0.93657,0,0.84041,0.98,0.94869,0.7158,0.84041,0.98,0.94869,0.65917,0.70954,0.64682,0.55349,1.07231,0,0.000960315,0.000960315,0.000960315
139,3412.79,0.56095,0.41042,0.52083,0.95885,0,0.82149,0.98,0.95845,0.71203,0.82149,0.98,0.95845,0.63962,0.68906,0.68306,0.5316,1.06195,0,0.000959215,0.000959215,0.000959215
140,3437.36,0.53088,0.39746,0.44991,0.92709,0,0.86014,0.75388,0.74838,0.66164,0.86014,0.75388,0.74949,0.58192,0.72537,0.6795,0.60817,1.06936,0,0.000958115,0.000958115,0.000958115
141,3461.86,0.54028,0.36678,0.47229,0.913,0,0.8723,0.75036,0.76384,0.64772,0.8723,0.75036,0.76384,0.55187,0.70747,0.68733,0.57688,1.06797,0,0.000957015,0.000957015,0.000957015
142,3486.39,0.52965,0.34475,0.47524,0.92732,0,0.76845,0.98,0.95573,0.7065,0.76845,0.98,0.95573,0.62518,0.7013,0.6262,0.61388,1.05629,0,0.000955916,0.000955916,0.000955916
143,3510.99,0.53482,0.3648,0.45531,0.91373,0,0.81634,0.9863,0.93481,0.71129,0.81634,0.9863,0.93481,0.62926,0.69798,0.72705,0.61429,1.07201,0,0.000954816,0.000954816,0.000954816
144,3535.47,0.52794,0.36518,0.45039,0.92511,0,0.76159,0.96155,0.94787,0.75787,0.76159,0.96155,0.94787,0.68719,0.68989,0.72642,0.5893,1.05364,0,0.000953716,0.000953716,0.000953716
145,3559.98,0.51208,0.35192,0.44971,0.92091,0,0.79327,1,0.95793,0.74185,0.79327,1,0.95793,0.68167,0.73835,0.69618,0.55523,1.07936,0,0.000952616,0.000952616,0.000952616
146,3584.5,0.51527,0.37017,0.45892,0.9271,0,0.89788,0.98333,0.96484,0.74604,0.89788,0.98333,0.96484,0.66878,0.71465,0.6767,0.48303,1.06925,0,0.000951516,0.000951516,0.000951516
147,3609.01,0.49849,0.3664,0.43551,0.9184,0,0.81468,0.98026,0.95574,0.77415,0.81468,0.98026,0.95574,0.69946,0.69919,0.65045,0.53049,1.05719,0,0.000950416,0.000950416,0.000950416
148,3633.5,0.52598,0.36888,0.46531,0.93036,0,0.81496,0.99291,0.95012,0.70453,0.81496,0.99291,0.95012,0.60717,0.70248,0.68876,0.52369,1.05903,0,0.000949316,0.000949316,0.000949316
149,3657.98,0.51259,0.35654,0.46513,0.92108,0,0.70473,1,0.95724,0.64906,0.70473,1,0.95724,0.57492,0.7586,0.69006,0.52964,1.09916,0,0.000948216,0.000948216,0.000948216
150,3682.54,0.52128,0.39817,0.44539,0.92107,0,0.77212,1,0.94966,0.66114,0.77212,1,0.94966,0.58415,0.72875,0.67043,0.55535,1.07519,0,0.000947116,0.000947116,0.000947116
151,3707.04,0.48602,0.35822,0.39362,0.89766,0,0.9313,0.75167,0.9601,0.69365,0.9313,0.75167,0.9601,0.61301,0.69365,0.66415,0.51507,1.05576,0,0.000946016,0.000946016,0.000946016
152,3731.54,0.52254,0.38475,0.4608,0.91106,0,0.88435,0.98,0.9693,0.71165,0.88435,0.98,0.9693,0.62067,0.72947,0.7179,0.49698,1.08562,0,0.000944917,0.000944917,0.000944917
153,3756.02,0.51676,0.37933,0.46153,0.9124,0,0.92791,0.90333,0.96104,0.76237,0.92791,0.90333,0.96104,0.68048,0.68648,0.63453,0.50049,1.04439,0,0.000943817,0.000943817,0.000943817
154,3780.53,0.50528,0.36656,0.42908,0.91588,0,0.8718,0.91465,0.95377,0.74917,0.8718,0.91465,0.95377,0.72702,0.73329,0.61605,0.53406,1.06468,0,0.000942717,0.000942717,0.000942717
155,3805.14,0.51234,0.35869,0.44638,0.91933,0,0.75117,0.99363,0.94683,0.71285,0.75117,0.99363,0.94683,0.62241,0.72214,0.67146,0.56809,1.09126,0,0.000941617,0.000941617,0.000941617
156,3829.62,0.47787,0.34432,0.41885,0.9047,0,0.83203,0.78942,0.95245,0.69358,0.83203,0.78942,0.95245,0.60875,0.77237,0.6575,0.58207,1.10226,0,0.000940517,0.000940517,0.000940517
157,3854.12,0.46884,0.36283,0.41169,0.88331,0,0.77319,1,0.95792,0.72206,0.77319,1,0.95792,0.64737,0.72512,0.69289,0.57219,1.06622,0,0.000939417,0.000939417,0.000939417
158,3878.63,0.50178,0.3265,0.43728,0.92386,0,0.90258,0.93504,0.95327,0.78997,0.90258,0.93504,0.95327,0.71616,0.68371,0.72591,0.47165,1.05033,0,0.000938317,0.000938317,0.000938317
159,3903.1,0.52262,0.40242,0.45124,0.92448,0,0.88327,0.92825,0.96086,0.78592,0.88327,0.92825,0.96086,0.72091,0.70714,0.74211,0.47384,1.06476,0,0.000937217,0.000937217,0.000937217
160,3927.58,0.5263,0.37616,0.46036,0.90937,0,0.89371,0.77167,0.92948,0.75538,0.89371,0.77167,0.92948,0.68951,0.74776,0.66153,0.51715,1.06902,0,0.000936117,0.000936117,0.000936117
161,3952.08,0.49919,0.35008,0.46449,0.91374,0,0.83736,1,0.9551,0.78066,0.83736,1,0.9551,0.70853,0.71271,0.67576,0.56081,1.06178,0,0.000935018,0.000935018,0.000935018
162,3976.58,0.49805,0.36259,0.45485,0.91839,0,0.88451,0.9685,0.9471,0.76914,0.88451,0.9685,0.9471,0.69528,0.7371,0.7497,0.5075,1.068,0,0.000933918,0.000933918,0.000933918
163,4001.09,0.4961,0.37091,0.41432,0.90245,0,0.79026,0.99428,0.94851,0.76146,0.79026,0.99428,0.94851,0.69994,0.74044,0.7556,0.54647,1.07796,0,0.000932818,0.000932818,0.000932818
164,4025.59,0.48364,0.35158,0.4192,0.91024,0,0.76809,0.99809,0.94645,0.77529,0.76809,0.99809,0.94645,0.69734,0.71741,0.75104,0.60052,1.06812,0,0.000931718,0.000931718,0.000931718
165,4050.18,0.4622,0.3071,0.4258,0.8867,0,0.85908,0.79167,0.75305,0.63895,0.85908,0.79167,0.75305,0.54022,0.73491,0.74491,0.62449,1.08063,0,0.000930618,0.000930618,0.000930618
166,4074.7,0.46584,0.34027,0.39787,0.8943,0,0.81422,0.78333,0.87499,0.6458,0.81422,0.78333,0.87499,0.54857,0.7089,0.72033,0.56036,1.06325,0,0.000929518,0.000929518,0.000929518
167,4099.17,0.48073,0.32914,0.43674,0.91435,0,0.91111,0.92423,0.95345,0.79424,0.91111,0.92423,0.95345,0.73332,0.7145,0.70143,0.54475,1.05153,0,0.000928418,0.000928418,0.000928418
168,4123.67,0.47483,0.33756,0.41879,0.89824,0,0.88368,0.74333,0.9606,0.80136,0.88368,0.74333,0.9606,0.71427,0.69347,0.68761,0.583,1.04668,0,0.000927318,0.000927318,0.000927318
169,4148.19,0.46811,0.3414,0.40618,0.89675,0,0.89778,0.755,0.95695,0.71856,0.89778,0.755,0.95695,0.6336,0.74155,0.76279,0.61993,1.08021,0,0.000926218,0.000926218,0.000926218
170,4172.68,0.4785,0.3232,0.41076,0.89085,0,0.90186,0.75167,0.95609,0.78046,0.90186,0.75167,0.95609,0.68895,0.73555,0.74005,0.58436,1.06357,0,0.000925119,0.000925119,0.000925119
171,4197.19,0.48421,0.35842,0.4014,0.89139,0,0.87276,0.78608,0.95234,0.78845,0.87276,0.78608,0.95234,0.70936,0.70121,0.72635,0.56362,1.02919,0,0.000924019,0.000924019,0.000924019
172,4221.68,0.49443,0.39418,0.39657,0.90932,0,0.78446,0.99393,0.93295,0.76418,0.78446,0.99393,0.93295,0.67788,0.7408,0.72483,0.61848,1.05668,0,0.000922919,0.000922919,0.000922919
173,4246.25,0.51037,0.40093,0.42094,0.90248,0,0.83242,1,0.94594,0.72204,0.83242,1,0.94594,0.63619,0.7353,0.70634,0.57604,1.06492,0,0.000921819,0.000921819,0.000921819
174,4270.77,0.49566,0.3482,0.41551,0.9213,0,0.76106,1,0.96115,0.78726,0.76106,1,0.96115,0.75737,0.70466,0.6786,0.5616,1.05451,0,0.000920719,0.000920719,0.000920719
175,4295.26,0.44829,0.31026,0.39834,0.89677,0,0.84121,0.76833,0.80114,0.66642,0.84121,0.76833,0.80114,0.612,0.70068,0.75753,0.56191,1.05996,0,0.000919619,0.000919619,0.000919619
176,4319.76,0.47971,0.35299,0.39877,0.90082,0,0.84865,0.97916,0.95495,0.76278,0.84865,0.97916,0.95495,0.70165,0.70344,0.83571,0.57672,1.0546,0,0.000918519,0.000918519,0.000918519
177,4344.23,0.50869,0.3916,0.47204,0.91741,0,0.81911,0.98333,0.95864,0.80618,0.81911,0.98333,0.95864,0.73445,0.7165,0.77532,0.58363,1.0473,0,0.000917419,0.000917419,0.000917419
178,4368.75,0.4952,0.38026,0.41435,0.90814,0,0.86396,0.94333,0.96291,0.78118,0.86396,0.94333,0.96291,0.71065,0.7375,0.72506,0.59439,1.06507,0,0.000916319,0.000916319,0.000916319
179,4393.36,0.45966,0.40383,0.42141,0.90501,0,0.83052,0.942,0.95723,0.77185,0.83052,0.942,0.95723,0.71316,0.73729,0.69619,0.58158,1.06469,0,0.00091522,0.00091522,0.00091522
180,4417.86,0.46325,0.35092,0.40892,0.89691,0,0.81065,0.98746,0.95728,0.71909,0.81065,0.98746,0.95728,0.66844,0.734,0.71795,0.54573,1.07643,0,0.00091412,0.00091412,0.00091412
181,4442.33,0.44497,0.35453,0.39653,0.89336,0,0.78926,0.97664,0.94851,0.69777,0.78926,0.97664,0.94851,0.61463,0.72731,0.84115,0.59048,1.08322,0,0.00091302,0.00091302,0.00091302
182,4466.84,0.46607,0.33577,0.39266,0.89733,0,0.78473,0.93305,0.95199,0.7101,0.78473,0.93305,0.95199,0.63114,0.75189,0.80338,0.60576,1.09765,0,0.00091192,0.00091192,0.00091192
183,4491.33,0.47883,0.32835,0.41348,0.89904,0,0.81645,0.98333,0.95865,0.72591,0.81645,0.98333,0.95865,0.65766,0.72282,0.79741,0.60151,1.07255,0,0.00091082,0.00091082,0.00091082
184,4515.95,0.44916,0.34162,0.40323,0.87539,0,0.85659,0.97491,0.95985,0.77906,0.85659,0.97491,0.95985,0.69343,0.71089,0.80924,0.59362,1.08232,0,0.00090972,0.00090972,0.00090972
185,4540.45,0.46458,0.42478,0.39741,0.88607,0,0.8361,0.99167,0.95926,0.77414,0.8361,0.99167,0.95926,0.71054,0.77693,0.79962,0.57491,1.12124,0,0.00090862,0.00090862,0.00090862
186,4564.97,0.46267,0.37329,0.41021,0.89777,0,0.86917,0.99167,0.9548,0.74247,0.86917,0.99167,0.9548,0.64792,0.73122,0.74672,0.58633,1.1109,0,0.00090752,0.00090752,0.00090752
187,4589.46,0.43408,0.33777,0.37475,0.88665,0,0.85095,0.9658,0.96896,0.78735,0.85095,0.9658,0.96896,0.72063,0.70871,0.74042,0.54969,1.07425,0,0.00090642,0.00090642,0.00090642
188,4613.96,0.4507,0.34383,0.3904,0.89037,0,0.87473,0.96701,0.96568,0.7758,0.87473,0.96701,0.96568,0.69967,0.75227,0.77921,0.58253,1.09773,0,0.000905321,0.000905321,0.000905321
189,4638.5,0.46391,0.31855,0.41254,0.90324,0,0.88811,0.96635,0.95338,0.74236,0.88811,0.96635,0.95338,0.68069,0.75667,0.80453,0.63964,1.08534,0,0.000904221,0.000904221,0.000904221
190,4663.07,0.449,0.3272,0.39749,0.89801,0,0.86569,0.92333,0.94826,0.76352,0.86569,0.92333,0.94826,0.70306,0.73046,0.76626,0.58077,1.08529,0,0.000903121,0.000903121,0.000903121
191,4687.57,0.43948,0.32328,0.37666,0.88932,0,0.82766,0.98762,0.95715,0.78376,0.82766,0.98762,0.95715,0.68672,0.73729,0.74404,0.57124,1.0878,0,0.000902021,0.000902021,0.000902021
192,4712.08,0.43427,0.32562,0.38095,0.89078,0,0.8587,0.98226,0.95747,0.78308,0.8587,0.98226,0.95747,0.6998,0.72997,0.81675,0.56805,1.08803,0,0.000900921,0.000900921,0.000900921
193,4736.55,0.46006,0.36341,0.36944,0.88838,0,0.69769,1,0.95644,0.77964,0.69769,1,0.95644,0.71029,0.7497,0.83714,0.54058,1.10154,0,0.000899821,0.000899821,0.000899821
194,4761.04,0.44116,0.33465,0.40858,0.87798,0,0.86684,0.95167,0.95075,0.76966,0.86684,0.95167,0.95075,0.68436,0.71138,0.6625,0.47551,1.08184,0,0.000898721,0.000898721,0.000898721
195,4785.55,0.44967,0.33671,0.39066,0.89435,0,0.8455,0.99167,0.94959,0.77172,0.8455,0.99167,0.94959,0.69137,0.74793,0.7166,0.50854,1.08785,0,0.000897621,0.000897621,0.000897621
196,4810.05,0.44455,0.30401,0.3796,0.88894,0,0.82358,0.98247,0.95201,0.79685,0.82358,0.98247,0.95201,0.70006,0.71469,0.76898,0.50429,1.05976,0,0.000896521,0.000896521,0.000896521
197,4834.55,0.45117,0.37367,0.41701,0.89297,0,0.83569,0.97177,0.95986,0.79238,0.83569,0.97177,0.95986,0.68622,0.72854,0.78237,0.48129,1.06775,0,0.000895422,0.000895422,0.000895422
198,4859.22,0.48871,0.48139,0.41621,0.89705,0,0.83559,1,0.9681,0.7651,0.83559,1,0.9681,0.67306,0.74505,0.85298,0.58098,1.08672,0,0.000894322,0.000894322,0.000894322
199,4883.73,0.44222,0.34215,0.43753,0.88023,0,0.85663,0.76837,0.96474,0.74686,0.85663,0.76837,0.96474,0.65605,0.7389,0.73999,0.58261,1.0705,0,0.000893222,0.000893222,0.000893222
200,4908.23,0.44783,0.37176,0.38589,0.89287,0,0.83605,0.98,0.96761,0.85624,0.83605,0.98,0.96761,0.75393,0.71775,0.68433,0.53996,1.05015,0,0.000892122,0.000892122,0.000892122
201,4932.85,0.4484,0.37668,0.39049,0.89128,0,0.824,1,0.97386,0.76995,0.824,1,0.97386,0.68549,0.73852,0.66256,0.49241,1.06813,0,0.000891022,0.000891022,0.000891022
202,4957.36,0.45448,0.35483,0.39877,0.90187,0,0.85989,0.95722,0.9399,0.701,0.85989,0.95722,0.9399,0.63092,0.74399,0.70259,0.54661,1.09332,0,0.000889922,0.000889922,0.000889922
203,4981.85,0.45034,0.32799,0.37348,0.90783,0,0.68241,0.79188,0.79085,0.66517,0.68241,0.79188,0.79085,0.57766,0.72671,0.7446,0.54038,1.10458,0,0.000888822,0.000888822,0.000888822
204,5006.35,0.45304,0.35074,0.39402,0.90865,0,0.92204,0.77435,0.81396,0.68283,0.92204,0.77435,0.81396,0.61065,0.68899,0.77565,0.52319,1.06854,0,0.000887722,0.000887722,0.000887722
205,5030.85,0.4583,0.29453,0.37621,0.87332,0,0.88445,0.9757,0.95248,0.7947,0.88445,0.9757,0.95248,0.69935,0.68659,0.75862,0.5341,1.05693,0,0.000886622,0.000886622,0.000886622
206,5055.42,0.44682,0.30069,0.38348,0.89097,0,0.86014,0.99061,0.96117,0.78978,0.86014,0.99061,0.96117,0.69229,0.73129,0.69028,0.51824,1.08817,0,0.000885523,0.000885523,0.000885523
207,5079.94,0.42527,0.32518,0.3824,0.88839,0,0.86316,0.99167,0.95574,0.82356,0.86316,0.99167,0.95574,0.72031,0.71073,0.70298,0.5479,1.05635,0,0.000884423,0.000884423,0.000884423
208,5104.43,0.44505,0.32316,0.3964,0.89107,0,0.82724,0.99167,0.96482,0.83668,0.82724,0.99167,0.96482,0.75149,0.70673,0.77385,0.51482,1.0356,0,0.000883323,0.000883323,0.000883323
209,5128.93,0.43117,0.34845,0.37004,0.88028,0,0.80246,0.96884,0.96905,0.80409,0.80246,0.96884,0.96905,0.71774,0.69694,0.75961,0.46801,1.05284,0,0.000882223,0.000882223,0.000882223
210,5153.41,0.4392,0.33912,0.3862,0.8949,0,0.81959,0.99167,0.97394,0.77793,0.81959,0.99167,0.97394,0.70104,0.71149,0.73453,0.52742,1.0758,0,0.000881123,0.000881123,0.000881123
211,5177.89,0.42912,0.30959,0.38205,0.89474,0,0.92458,0.9768,0.96983,0.80641,0.92458,0.9768,0.96983,0.73149,0.71807,0.7004,0.51844,1.06784,0,0.000880023,0.000880023,0.000880023
212,5202.38,0.46992,0.38733,0.44027,0.90229,0,0.87084,0.96263,0.97369,0.79348,0.87084,0.96263,0.97369,0.72304,0.72759,0.76012,0.4934,1.08184,0,0.000878923,0.000878923,0.000878923
213,5226.87,0.45569,0.35107,0.3917,0.87921,0,0.88262,0.95537,0.97168,0.82277,0.88262,0.95537,0.97168,0.74827,0.69568,0.65564,0.50147,1.06064,0,0.000877823,0.000877823,0.000877823
214,5251.45,0.43072,0.30748,0.36769,0.89052,0,0.9168,0.91969,0.97332,0.79318,0.9168,0.91969,0.97332,0.70982,0.71229,0.76339,0.52241,1.06148,0,0.000876723,0.000876723,0.000876723
215,5275.93,0.45107,0.36759,0.4023,0.8944,0,0.84625,0.98274,0.96768,0.76335,0.84625,0.98274,0.96768,0.67676,0.75099,0.83777,0.57208,1.08667,0,0.000875624,0.000875624,0.000875624
216,5300.42,0.43569,0.33634,0.37309,0.89431,0,0.90609,0.99167,0.96478,0.76727,0.90609,0.99167,0.96478,0.67848,0.72689,0.83498,0.55573,1.09756,0,0.000874524,0.000874524,0.000874524
217,5324.91,0.45265,0.31321,0.41166,0.90905,0,0.8871,0.78,0.87488,0.71495,0.8871,0.78,0.87488,0.61903,0.74698,0.84634,0.51941,1.09352,0,0.000873424,0.000873424,0.000873424
218,5349.41,0.4703,0.34903,0.3969,0.90151,0,0.94801,0.72709,0.86451,0.72005,0.94801,0.72709,0.86451,0.62787,0.71036,0.75767,0.52948,1.0727,0,0.000872324,0.000872324,0.000872324
219,5373.91,0.42757,0.3532,0.35252,0.88367,0,0.82882,1,0.97456,0.78508,0.82882,1,0.97456,0.7091,0.7133,0.72363,0.57092,1.08087,0,0.000871224,0.000871224,0.000871224
220,5398.5,0.43232,0.32961,0.35791,0.87149,0,0.87826,0.96448,0.96857,0.78153,0.87826,0.96448,0.96857,0.71281,0.73619,0.78151,0.57681,1.09301,0,0.000870124,0.000870124,0.000870124
221,5422.98,0.42576,0.31003,0.38211,0.89227,0,0.89816,0.97404,0.96961,0.70327,0.89816,0.97404,0.96961,0.62747,0.74795,0.9293,0.53404,1.10835,0,0.000869024,0.000869024,0.000869024
222,5447.5,0.44832,0.33357,0.3692,0.88368,0,0.85362,0.9948,0.97281,0.73243,0.85362,0.9948,0.97281,0.63578,0.69697,0.88192,0.57276,1.0886,0,0.000867924,0.000867924,0.000867924
223,5472.04,0.43261,0.32939,0.37893,0.88977,0,0.78246,1,0.97239,0.7329,0.78246,1,0.97239,0.62467,0.68385,0.83443,0.54176,1.08671,0,0.000866824,0.000866824,0.000866824
224,5496.56,0.43815,0.31942,0.36867,0.89525,0,0.90965,0.99167,0.97059,0.77789,0.90965,0.99167,0.97059,0.66894,0.71141,0.77283,0.53321,1.08117,0,0.000865725,0.000865725,0.000865725
225,5521.13,0.42121,0.33284,0.38145,0.86978,0,0.87448,0.98827,0.95867,0.73541,0.87448,0.98827,0.95867,0.6751,0.71636,0.77535,0.53915,1.06658,0,0.000864625,0.000864625,0.000864625
226,5545.61,0.40257,0.31667,0.3625,0.8789,0,0.88244,0.966,0.95438,0.74649,0.88244,0.966,0.95438,0.66714,0.70862,0.87328,0.56525,1.04681,0,0.000863525,0.000863525,0.000863525
227,5570.06,0.42408,0.341,0.36094,0.883,0,0.88576,0.77852,0.96777,0.70158,0.88576,0.77852,0.96777,0.61872,0.70434,0.7326,0.56706,1.06062,0,0.000862425,0.000862425,0.000862425
228,5594.57,0.41587,0.34477,0.34885,0.87925,0,0.79969,1,0.97419,0.6882,0.79969,1,0.97419,0.62819,0.73285,0.77882,0.54006,1.09719,0,0.000861325,0.000861325,0.000861325
229,5619.17,0.40535,0.29125,0.35758,0.87334,0,0.86089,0.99167,0.97686,0.70371,0.86089,0.99167,0.97686,0.62072,0.72603,0.83167,0.54642,1.09811,0,0.000860225,0.000860225,0.000860225
230,5643.66,0.40502,0.32861,0.35705,0.86241,0,0.84893,0.99586,0.98019,0.81696,0.84893,0.99586,0.98019,0.71043,0.71286,0.79928,0.55249,1.06944,0,0.000859125,0.000859125,0.000859125
231,5668.17,0.39747,0.30211,0.34844,0.86336,0,0.71226,0.99271,0.93515,0.77642,0.71226,0.99271,0.93515,0.67058,0.68501,0.80616,0.52397,1.07631,0,0.000858025,0.000858025,0.000858025
232,5692.68,0.41206,0.33364,0.36112,0.86853,0,0.80531,0.96179,0.95996,0.70093,0.80531,0.96179,0.95996,0.61025,0.72392,0.85377,0.52097,1.11745,0,0.000856925,0.000856925,0.000856925
233,5717.21,0.40104,0.31409,0.35658,0.88288,0,0.81369,0.97936,0.95148,0.70152,0.81369,0.97936,0.95148,0.62302,0.73782,0.9215,0.5165,1.11274,0,0.000855826,0.000855826,0.000855826
234,5741.7,0.41382,0.31731,0.34887,0.88786,0,0.80531,0.99796,0.95171,0.71335,0.80531,0.99796,0.95171,0.66246,0.69185,0.75146,0.54913,1.07091,0,0.000854726,0.000854726,0.000854726
235,5766.18,0.4022,0.31126,0.34769,0.88802,0,0.79528,0.79961,0.92492,0.74073,0.79528,0.79961,0.92492,0.65491,0.69592,0.72597,0.53945,1.08096,0,0.000853626,0.000853626,0.000853626
236,5790.7,0.41057,0.31493,0.34747,0.88209,0,0.88551,0.78413,0.95225,0.77319,0.88551,0.78413,0.95225,0.6659,0.70582,0.80254,0.57203,1.07661,0,0.000852526,0.000852526,0.000852526
237,5815.18,0.39668,0.28884,0.35647,0.87391,0,0.78359,0.97864,0.94462,0.67268,0.78359,0.97864,0.94462,0.5823,0.72415,0.92601,0.55185,1.11172,0,0.000851426,0.000851426,0.000851426
238,5839.66,0.38567,0.35081,0.35691,0.85536,0,0.82336,0.99579,0.95441,0.69619,0.82336,0.99579,0.95441,0.62096,0.71467,0.90422,0.52437,1.0764,0,0.000850326,0.000850326,0.000850326
239,5864.13,0.42033,0.32268,0.38096,0.88515,0,0.82352,0.99167,0.96589,0.78168,0.82352,0.99167,0.96589,0.73525,0.6572,0.75452,0.53519,1.03474,0,0.000849226,0.000849226,0.000849226
240,5888.61,0.38685,0.26666,0.34204,0.85631,0,0.83935,0.99375,0.95796,0.78787,0.83935,0.99375,0.95796,0.70292,0.68865,0.82309,0.54244,1.0512,0,0.000848126,0.000848126,0.000848126
241,5913.1,0.41726,0.30757,0.36147,0.88412,0,0.7809,0.99302,0.95601,0.77676,0.7809,0.99302,0.95601,0.69267,0.69335,0.79064,0.50527,1.06378,0,0.000847026,0.000847026,0.000847026
242,5937.67,0.39246,0.30537,0.34274,0.87228,0,0.86143,0.96888,0.96467,0.70757,0.86143,0.96888,0.96467,0.60486,0.69807,0.86068,0.52233,1.09427,0,0.000845927,0.000845927,0.000845927
243,5962.17,0.39651,0.32083,0.33321,0.87272,0,0.87526,0.98418,0.95019,0.71394,0.87526,0.98418,0.95019,0.64205,0.70802,0.88303,0.58291,1.07742,0,0.000844827,0.000844827,0.000844827
244,5986.67,0.39659,0.33348,0.35158,0.8759,0,0.88046,0.98333,0.95578,0.6994,0.88046,0.98333,0.95578,0.61488,0.71791,0.85268,0.53512,1.10338,0,0.000843727,0.000843727,0.000843727
245,6011.15,0.40474,0.3249,0.33046,0.86074,0,0.89608,0.98226,0.96742,0.77399,0.89608,0.98226,0.96742,0.69371,0.72607,0.82363,0.53843,1.07799,0,0.000842627,0.000842627,0.000842627
246,6035.65,0.4069,0.33662,0.34415,0.87787,0,0.82501,0.99831,0.97221,0.77979,0.82501,0.99831,0.97221,0.68564,0.70626,0.75521,0.53083,1.06958,0,0.000841527,0.000841527,0.000841527
247,6060.14,0.38317,0.26894,0.32763,0.87227,0,0.8826,0.98333,0.97064,0.76727,0.8826,0.98333,0.97064,0.662,0.69892,0.81637,0.49114,1.06959,0,0.000840427,0.000840427,0.000840427
248,6084.71,0.39067,0.33284,0.35343,0.86777,0,0.86924,0.98421,0.96745,0.77309,0.86924,0.98421,0.96745,0.69884,0.69812,0.79375,0.51258,1.05874,0,0.000839327,0.000839327,0.000839327
249,6109.24,0.40714,0.30596,0.3779,0.88704,0,0.90133,0.96333,0.95469,0.77639,0.90133,0.96333,0.95469,0.70843,0.70611,0.81645,0.56671,1.05607,0,0.000838227,0.000838227,0.000838227
250,6133.77,0.4018,0.29497,0.33971,0.87146,0,0.8148,1,0.97541,0.70964,0.8148,1,0.97541,0.62935,0.74968,0.91901,0.51618,1.09652,0,0.000837127,0.000837127,0.000837127
251,6158.27,0.38119,0.28908,0.33946,0.86616,0,0.82066,0.9958,0.97126,0.75698,0.82066,0.9958,0.97126,0.67826,0.71812,0.97195,0.49554,1.06616,0,0.000836027,0.000836027,0.000836027
252,6182.76,0.37083,0.31514,0.35951,0.86421,0,0.93108,0.95167,0.96977,0.81796,0.93108,0.95167,0.96977,0.73141,0.70055,0.93496,0.47172,1.07189,0,0.000834928,0.000834928,0.000834928
253,6207.31,0.4083,0.28614,0.37199,0.8753,0,0.93567,0.93313,0.96626,0.81885,0.93567,0.93313,0.96626,0.73378,0.6678,0.85742,0.49298,1.04026,0,0.000833828,0.000833828,0.000833828
254,6231.79,0.40015,0.32753,0.35018,0.879,0,0.85339,1,0.95687,0.77968,0.85339,1,0.95687,0.68907,0.69778,0.83872,0.57321,1.05664,0,0.000832728,0.000832728,0.000832728
255,6256.26,0.39339,0.27205,0.3625,0.86261,0,0.76709,0.99167,0.96262,0.70845,0.76709,0.99167,0.96262,0.64582,0.69188,0.80595,0.52442,1.06646,0,0.000831628,0.000831628,0.000831628
256,6280.77,0.38322,0.31866,0.32367,0.86321,0,0.89608,0.73167,0.81932,0.67472,0.89608,0.73167,0.81932,0.5867,0.6985,0.88537,0.59183,1.04756,0,0.000830528,0.000830528,0.000830528
257,6305.27,0.39313,0.32035,0.51128,0.86533,0,0.78487,1,0.96868,0.70301,0.78487,1,0.96868,0.62838,0.7263,0.88547,0.53725,1.10151,0,0.000829428,0.000829428,0.000829428
258,6329.86,0.38651,0.31977,0.35412,0.87479,0,0.8203,0.99393,0.96301,0.77425,0.8203,0.99393,0.96301,0.69045,0.72493,0.87553,0.52755,1.06329,0,0.000828328,0.000828328,0.000828328
259,6354.34,0.39449,0.29701,0.36995,0.88141,0,0.86787,0.97522,0.94882,0.77327,0.86787,0.97522,0.94882,0.6975,0.67202,0.77025,0.55278,1.05438,0,0.000827228,0.000827228,0.000827228
260,6378.84,0.38095,0.28658,0.3491,0.86633,0,0.84248,0.97465,0.96154,0.78048,0.84248,0.97465,0.96154,0.70595,0.70111,0.88714,0.5033,1.04741,0,0.000826128,0.000826128,0.000826128
261,6403.32,0.39202,0.32416,0.35671,0.85753,0,0.86245,0.98333,0.96355,0.80128,0.86245,0.98333,0.96355,0.73702,0.71616,0.96214,0.53156,1.05383,0,0.000825029,0.000825029,0.000825029
262,6427.84,0.40689,0.31591,0.35556,0.89641,0,0.88639,0.97046,0.9492,0.81076,0.88639,0.97046,0.9492,0.72278,0.73301,0.98999,0.48693,1.07257,0,0.000823929,0.000823929,0.000823929
263,6452.43,0.39571,0.30572,0.34686,0.87201,0,0.89065,0.98333,0.97029,0.79055,0.89065,0.98333,0.97029,0.69695,0.71395,0.91857,0.49821,1.05688,0,0.000822829,0.000822829,0.000822829
264,6476.98,0.39109,0.33312,0.34999,0.87146,0,0.84467,0.98333,0.96715,0.71385,0.84467,0.98333,0.96715,0.62477,0.70332,0.877,0.52554,1.05135,0,0.000821729,0.000821729,0.000821729
265,6501.46,0.41459,0.32786,0.36809,0.87912,0,0.84003,0.98333,0.9705,0.69077,0.84003,0.98333,0.9705,0.59107,0.74666,0.85463,0.52155,1.1254,0,0.000820629,0.000820629,0.000820629
266,6525.99,0.40346,0.27516,0.36019,0.89496,0,0.8284,0.99167,0.9685,0.7287,0.8284,0.99167,0.9685,0.64862,0.73956,0.86904,0.54766,1.10453,0,0.000819529,0.000819529,0.000819529
267,6550.59,0.38487,0.29803,0.35192,0.86977,0,0.77697,0.88333,0.91943,0.68827,0.77697,0.88333,0.91943,0.6162,0.72443,0.9104,0.53751,1.10691,0,0.000818429,0.000818429,0.000818429
268,6575.06,0.38668,0.3236,0.35606,0.86618,0,0.81205,0.96391,0.96132,0.71579,0.81205,0.96391,0.96132,0.6395,0.71731,0.93564,0.54631,1.09908,0,0.000817329,0.000817329,0.000817329
269,6599.53,0.36703,0.26352,0.32949,0.86306,0,0.86354,0.98333,0.96361,0.70672,0.86354,0.98333,0.96361,0.63579,0.72328,0.84529,0.57315,1.10463,0,0.000816229,0.000816229,0.000816229
270,6624.01,0.37596,0.29234,0.33589,0.84887,0,0.77061,0.97446,0.97545,0.71575,0.77061,0.97446,0.97545,0.67622,0.72926,0.88151,0.5955,1.08265,0,0.00081513,0.00081513,0.00081513
271,6648.48,0.40067,0.29402,0.35393,0.86618,0,0.67757,0.95943,0.95927,0.79223,0.67757,0.95943,0.95927,0.71148,0.72638,0.90162,0.60357,1.05823,0,0.00081403,0.00081403,0.00081403
272,6672.98,0.37467,0.30781,0.35058,0.85315,0,0.90245,0.73703,0.97559,0.74991,0.90245,0.73703,0.97559,0.66113,0.70763,0.83467,0.59108,1.04649,0,0.00081293,0.00081293,0.00081293
273,6697.58,0.38751,0.31315,0.34092,0.86746,0,0.79184,0.98845,0.97137,0.7414,0.79184,0.98845,0.97137,0.6559,0.69848,0.78579,0.56988,1.06229,0,0.00081183,0.00081183,0.00081183
274,6722.09,0.37768,0.28125,0.34529,0.86419,0,0.80425,0.98333,0.97167,0.79685,0.80425,0.98333,0.97167,0.71401,0.67536,0.73976,0.55269,1.0429,0,0.00081073,0.00081073,0.00081073
275,6746.56,0.39145,0.30646,0.37841,0.85829,0,0.9143,0.77413,0.95719,0.75871,0.9143,0.77413,0.95719,0.66724,0.71034,0.87123,0.54497,1.05808,0,0.00080963,0.00080963,0.00080963
276,6771.06,0.3861,0.30052,0.36748,0.8684,0,0.90046,0.78561,0.95711,0.77965,0.90046,0.78561,0.95711,0.70153,0.70022,0.91572,0.57089,1.05646,0,0.00080853,0.00080853,0.00080853
277,6795.56,0.37903,0.26713,0.35603,0.84722,0,0.90466,0.98463,0.96301,0.78426,0.90466,0.98463,0.96301,0.71023,0.75559,1.01363,0.52889,1.08079,0,0.00080743,0.00080743,0.00080743
278,6820.06,0.37141,0.30674,0.32825,0.85666,0,0.89734,0.97154,0.96937,0.80552,0.89734,0.97154,0.96937,0.72694,0.69549,0.85249,0.52518,1.0469,0,0.00080633,0.00080633,0.00080633
279,6844.55,0.36233,0.33012,0.3416,0.84517,0,0.90708,0.97859,0.97236,0.82537,0.90708,0.97859,0.97236,0.736,0.70568,0.828,0.45564,1.0531,0,0.000805231,0.000805231,0.000805231
280,6869.12,0.35693,0.29578,0.31969,0.86071,0,0.81664,0.99915,0.96931,0.80257,0.81664,0.99915,0.96931,0.72835,0.68061,0.77167,0.4685,1.05249,0,0.000804131,0.000804131,0.000804131
281,6893.61,0.37282,0.28177,0.3073,0.85789,0,0.79571,1,0.97233,0.78175,0.79571,1,0.97233,0.70831,0.68661,0.77467,0.55111,1.05789,0,0.000803031,0.000803031,0.000803031
282,6918.11,0.38336,0.30303,0.32841,0.85491,0,0.79646,1,0.97066,0.79391,0.79646,1,0.97066,0.70301,0.75255,0.92266,0.58329,1.09329,0,0.000801931,0.000801931,0.000801931
283,6942.62,0.37256,0.28829,0.32408,0.85833,0,0.88051,0.97956,0.95832,0.8263,0.88051,0.97956,0.95832,0.74163,0.72355,0.87814,0.59465,1.0599,0,0.000800831,0.000800831,0.000800831
284,6967.12,0.35095,0.27553,0.31917,0.86347,0,0.92738,0.95909,0.96804,0.79009,0.92738,0.95909,0.96804,0.72904,0.67961,0.83194,0.56963,1.04269,0,0.000799731,0.000799731,0.000799731
285,6991.61,0.38418,0.26993,0.33056,0.87291,0,0.89203,0.96901,0.9681,0.79079,0.89203,0.96901,0.9681,0.71106,0.66816,0.82912,0.54397,1.04399,0,0.000798631,0.000798631,0.000798631
286,7016.13,0.37932,0.30081,0.32564,0.86195,0,0.88745,0.99167,0.96072,0.79047,0.88745,0.99167,0.96072,0.6948,0.72182,0.93395,0.5599,1.06273,0,0.000797531,0.000797531,0.000797531
287,7040.66,0.36553,0.27151,0.32836,0.86985,0,0.85616,0.98792,0.97226,0.79556,0.85616,0.98792,0.97226,0.71021,0.69357,0.88703,0.49918,1.0468,0,0.000796431,0.000796431,0.000796431
288,7065.16,0.39039,0.28608,0.34427,0.87439,0,0.77845,0.99167,0.96887,0.76626,0.77845,0.99167,0.96887,0.67683,0.69646,0.95657,0.49336,1.03488,0,0.000795332,0.000795332,0.000795332
289,7089.66,0.38078,0.29647,0.35117,0.86977,0,0.91329,0.99167,0.97438,0.78541,0.91329,0.99167,0.97438,0.75073,0.65104,0.83574,0.50522,1.04222,0,0.000794232,0.000794232,0.000794232
290,7114.14,0.38201,0.30963,0.32382,0.85922,0,0.84535,0.99167,0.97188,0.76251,0.84535,0.99167,0.97188,0.70544,0.69925,0.82305,0.50956,1.06018,0,0.000793132,0.000793132,0.000793132
291,7138.71,0.38099,0.29929,0.34727,0.87134,0,0.77938,0.99167,0.93507,0.69011,0.77938,0.99167,0.93507,0.64237,0.6719,0.80428,0.5503,1.04418,0,0.000792032,0.000792032,0.000792032
292,7163.21,0.40067,0.30612,0.33832,0.87016,0,0.88024,0.98328,0.96514,0.6948,0.88024,0.98328,0.96514,0.63285,0.73814,0.84064,0.53883,1.08968,0,0.000790932,0.000790932,0.000790932
293,7187.71,0.39566,0.33772,0.33043,0.86774,0,0.84757,0.98827,0.9699,0.74676,0.84757,0.98827,0.9699,0.67746,0.73384,0.76892,0.53871,1.05904,0,0.000789832,0.000789832,0.000789832
294,7212.16,0.37269,0.28611,0.3129,0.85952,0,0.9061,0.79167,0.8902,0.68952,0.9061,0.79167,0.8902,0.6431,0.67945,0.76397,0.54349,1.04417,0,0.000788732,0.000788732,0.000788732
295,7236.66,0.3732,0.28803,0.32655,0.85693,0,0.91678,0.79167,0.84287,0.70394,0.91678,0.79167,0.84287,0.63823,0.67116,0.8305,0.53367,1.04282,0,0.000787632,0.000787632,0.000787632
296,7261.24,0.37721,0.33939,0.32971,0.86202,0,0.89703,0.79167,0.78126,0.67555,0.89703,0.79167,0.78126,0.58035,0.69565,0.81564,0.5344,1.06923,0,0.000786532,0.000786532,0.000786532
297,7285.73,0.35242,0.28026,0.31143,0.85548,0,0.91749,0.77585,0.96089,0.76951,0.91749,0.77585,0.96089,0.69341,0.65544,0.74901,0.57203,1.04368,0,0.000785433,0.000785433,0.000785433
298,7310.22,0.35557,0.26921,0.31351,0.8541,0,0.83197,1,0.97035,0.79146,0.83197,1,0.97035,0.73249,0.69454,0.74744,0.5444,1.058,0,0.000784333,0.000784333,0.000784333
299,7334.71,0.36072,0.29936,0.31832,0.86381,0,0.89533,0.76333,0.96238,0.79325,0.89533,0.76333,0.96238,0.70898,0.69326,0.77044,0.52162,1.07004,0,0.000783233,0.000783233,0.000783233
300,7359.21,0.34655,0.24207,0.35384,0.83219,0,0.74333,0.96451,0.96176,0.77309,0.74333,0.96451,0.96176,0.70576,0.68223,0.81258,0.56199,1.05169,0,0.000782133,0.000782133,0.000782133
301,7383.73,0.35189,0.28485,0.32162,0.86073,0,0.88311,0.78629,0.92954,0.76233,0.88311,0.78629,0.92954,0.7171,0.69753,0.82743,0.57997,1.06043,0,0.000781033,0.000781033,0.000781033
302,7408.22,0.34495,0.27294,0.32515,0.84618,0,0.89987,0.78716,0.94574,0.71325,0.89987,0.78716,0.94574,0.6525,0.72944,0.83441,0.59056,1.08429,0,0.000779933,0.000779933,0.000779933
303,7432.7,0.35216,0.29743,0.31883,0.86429,0,0.89311,0.7927,0.95603,0.69912,0.89311,0.7927,0.95603,0.63755,0.73608,0.88913,0.55325,1.09075,0,0.000778833,0.000778833,0.000778833
304,7457.21,0.35404,0.25766,0.32662,0.84562,0,0.89227,0.77844,0.76576,0.64628,0.89227,0.77844,0.76576,0.57955,0.7327,0.84284,0.5777,1.08075,0,0.000777733,0.000777733,0.000777733
305,7481.7,0.37225,0.32202,0.35472,0.86957,0,0.92747,0.77825,0.91095,0.72881,0.92747,0.77825,0.91095,0.6356,0.76982,0.91058,0.56444,1.11199,0,0.000776633,0.000776633,0.000776633
306,7506.25,0.36317,0.27597,0.31754,0.84967,0,0.79105,0.95911,0.95221,0.69971,0.79105,0.95911,0.95221,0.63087,0.73791,0.735,0.52859,1.11816,0,0.000775534,0.000775534,0.000775534
307,7530.74,0.36167,0.28857,0.38901,0.85846,0,0.78423,0.98248,0.96932,0.71548,0.78423,0.98248,0.96932,0.64281,0.70248,0.70563,0.51917,1.09525,0,0.000774434,0.000774434,0.000774434
308,7555.23,0.35624,0.28729,0.30921,0.84022,0,0.76669,0.94712,0.97404,0.71448,0.76669,0.94712,0.97404,0.63941,0.72022,0.82467,0.54288,1.07608,0,0.000773334,0.000773334,0.000773334
309,7579.74,0.34559,0.27753,0.30557,0.8515,0,0.89864,0.78063,0.77009,0.65808,0.89864,0.78063,0.77009,0.56847,0.67902,0.87994,0.56624,1.07638,0,0.000772234,0.000772234,0.000772234
310,7604.2,0.33729,0.29194,0.30968,0.85413,0,0.90327,0.77956,0.90269,0.73497,0.90327,0.77956,0.90269,0.65945,0.7157,0.97564,0.54583,1.09166,0,0.000771134,0.000771134,0.000771134
311,7628.7,0.34598,0.28544,0.29382,0.83892,0,0.81164,0.9359,0.96676,0.73817,0.81164,0.9359,0.96676,0.64757,0.7014,0.90164,0.54169,1.07746,0,0.000770034,0.000770034,0.000770034
312,7653.18,0.34949,0.28289,0.31712,0.85024,0,0.91611,0.77152,0.9021,0.71416,0.91611,0.77152,0.9021,0.65096,0.67672,0.87354,0.57546,1.05603,0,0.000768934,0.000768934,0.000768934
313,7677.78,0.37239,0.28402,0.31606,0.85681,0,0.85273,0.93639,0.95218,0.73145,0.85273,0.93639,0.95218,0.66324,0.68473,0.83235,0.52482,1.05519,0,0.000767834,0.000767834,0.000767834
314,7702.26,0.35294,0.26711,0.29577,0.84481,0,0.87234,0.99701,0.95748,0.72402,0.87234,0.99701,0.95748,0.63232,0.7433,0.94706,0.52959,1.12379,0,0.000766734,0.000766734,0.000766734
315,7726.76,0.36711,0.27592,0.31228,0.85187,0,0.86915,0.98935,0.95902,0.71867,0.86915,0.98935,0.95902,0.65017,0.73682,0.98591,0.51209,1.10292,0,0.000765635,0.000765635,0.000765635
316,7751.3,0.34763,0.29037,0.28675,0.82878,0,0.90907,0.7793,0.80075,0.67417,0.90907,0.7793,0.80075,0.58559,0.71897,0.9261,0.54527,1.09181,0,0.000764535,0.000764535,0.000764535
317,7775.8,0.34555,0.26421,0.33601,0.86065,0,0.90961,0.78453,0.75594,0.64343,0.90961,0.78453,0.75594,0.56858,0.72116,0.83102,0.55518,1.09309,0,0.000763435,0.000763435,0.000763435
318,7800.31,0.35767,0.3158,0.31462,0.85804,0,0.93559,0.76004,0.94137,0.71462,0.93559,0.76004,0.94137,0.62481,0.73644,0.86606,0.53471,1.11013,0,0.000762335,0.000762335,0.000762335
319,7824.83,0.34628,0.28854,0.2826,0.8452,0,0.77058,0.97105,0.97161,0.71672,0.77058,0.97105,0.97161,0.64097,0.74161,0.91558,0.55401,1.11367,0,0.000761235,0.000761235,0.000761235
320,7849.41,0.34746,0.28024,0.29422,0.85663,0,0.91721,0.75088,0.90889,0.69938,0.91721,0.75088,0.90889,0.64086,0.73286,0.89854,0.58332,1.1012,0,0.000760135,0.000760135,0.000760135
321,7873.93,0.36566,0.31274,0.33523,0.86039,0,0.9251,0.7366,0.93127,0.72271,0.9251,0.7366,0.93127,0.64919,0.73037,0.8885,0.59249,1.09216,0,0.000759035,0.000759035,0.000759035
322,7898.45,0.36228,0.28961,0.31367,0.85442,0,0.72614,0.98542,0.95027,0.72089,0.72614,0.98542,0.95027,0.62544,0.71816,0.9314,0.57279,1.10152,0,0.000757935,0.000757935,0.000757935
323,7922.97,0.33952,0.26602,0.29291,0.8479,0,0.88275,0.79314,0.96722,0.73831,0.88275,0.79314,0.96722,0.63537,0.69283,0.90649,0.56839,1.09141,0,0.000756835,0.000756835,0.000756835
324,7947.49,0.35988,0.28795,0.30346,0.85326,0,0.78886,0.99403,0.96193,0.79759,0.78886,0.99403,0.96193,0.72496,0.68234,0.91599,0.5308,1.06541,0,0.000755736,0.000755736,0.000755736
325,7972,0.3534,0.26654,0.30629,0.86231,0,0.86962,0.97201,0.9656,0.78546,0.86962,0.97201,0.9656,0.72106,0.7189,0.87339,0.53492,1.1065,0,0.000754636,0.000754636,0.000754636
326,7996.56,0.36188,0.31958,0.32036,0.85857,0,0.81964,1,0.94528,0.68432,0.81964,1,0.94528,0.61707,0.7359,0.82437,0.5851,1.13353,0,0.000753536,0.000753536,0.000753536
327,8021.04,0.34997,0.26366,0.30377,0.84531,0,0.82036,1,0.9652,0.73144,0.82036,1,0.9652,0.65867,0.73094,0.78939,0.55714,1.126,0,0.000752436,0.000752436,0.000752436
328,8045.52,0.40013,0.30223,0.32566,0.8786,0,0.93883,0.76333,0.86585,0.68773,0.93883,0.76333,0.86585,0.61555,0.71547,0.81222,0.55029,1.09935,0,0.000751336,0.000751336,0.000751336
329,8070.03,0.34769,0.30926,0.30698,0.85019,0,0.7649,0.92707,0.97544,0.73126,0.7649,0.92707,0.97544,0.65054,0.69915,0.77954,0.55068,1.08182,0,0.000750236,0.000750236,0.000750236
330,8094.55,0.33751,0.27381,0.29798,0.84095,0,0.7996,0.99986,0.96913,0.73635,0.7996,0.99986,0.96913,0.63966,0.69806,0.7319,0.54896,1.08482,0,0.000749136,0.000749136,0.000749136
331,8119.04,0.34646,0.25777,0.29424,0.85471,0,0.7798,1,0.95561,0.72465,0.7798,1,0.95561,0.63887,0.68577,0.79912,0.55391,1.07951,0,0.000748036,0.000748036,0.000748036
332,8143.51,0.33646,0.23308,0.29657,0.83899,0,0.80401,0.92734,0.97028,0.73754,0.80401,0.92734,0.97028,0.65914,0.67177,0.87944,0.52658,1.06181,0,0.000746936,0.000746936,0.000746936
333,8168.09,0.33202,0.28598,0.30178,0.83417,0,0.80085,0.98104,0.97272,0.77822,0.80085,0.98104,0.97272,0.69424,0.66614,0.96682,0.53141,1.04706,0,0.000745837,0.000745837,0.000745837
334,8192.61,0.35149,0.28406,0.30436,0.84461,0,0.92138,0.75124,0.86082,0.69274,0.92138,0.75124,0.86082,0.60163,0.71139,0.96216,0.58297,1.08857,0,0.000744737,0.000744737,0.000744737
335,8217.1,0.35018,0.27367,0.30905,0.84874,0,0.92573,0.78636,0.97185,0.72031,0.92573,0.78636,0.97185,0.61718,0.73186,0.93984,0.55302,1.10867,0,0.000743637,0.000743637,0.000743637
336,8241.6,0.34656,0.259,0.30911,0.86638,0,0.86788,0.8,0.96442,0.72188,0.86788,0.8,0.96442,0.65259,0.69634,0.8129,0.55426,1.077,0,0.000742537,0.000742537,0.000742537
337,8266.1,0.34386,0.27042,0.2984,0.85888,0,0.85121,0.77872,0.77113,0.6576,0.85121,0.77872,0.77113,0.57632,0.69495,0.86279,0.62162,1.08733,0,0.000741437,0.000741437,0.000741437
338,8290.61,0.32795,0.2537,0.2873,0.83668,0,0.8947,0.78789,0.95315,0.79061,0.8947,0.78789,0.95315,0.71144,0.70091,0.99736,0.59663,1.07947,0,0.000740337,0.000740337,0.000740337
339,8315.09,0.3614,0.29098,0.3861,0.86185,0,0.89148,0.78524,0.93045,0.7204,0.89148,0.78524,0.93045,0.63492,0.72188,1.0472,0.5816,1.10225,0,0.000739237,0.000739237,0.000739237
340,8339.67,0.34624,0.2862,0.31802,0.86474,0,0.85856,0.79456,0.96386,0.71566,0.85856,0.79456,0.96386,0.63729,0.69546,0.87853,0.56524,1.09195,0,0.000738137,0.000738137,0.000738137
341,8364.15,0.3143,0.27394,0.27844,0.84158,0,0.82008,0.8,0.96525,0.71947,0.82008,0.8,0.96525,0.65184,0.68928,0.88993,0.567,1.09436,0,0.000737037,0.000737037,0.000737037
342,8388.65,0.34833,0.26439,0.30067,0.84859,0,0.88637,0.75712,0.79502,0.66954,0.88637,0.75712,0.79502,0.60344,0.71121,0.90642,0.57357,1.10481,0,0.000735938,0.000735938,0.000735938
343,8413.16,0.33215,0.26619,0.28404,0.84045,0,0.7914,0.8,0.93149,0.70848,0.7914,0.8,0.93149,0.65335,0.68528,0.8643,0.57934,1.07506,0,0.000734838,0.000734838,0.000734838
344,8437.65,0.32281,0.24763,0.29595,0.84956,0,0.77387,0.93982,0.96226,0.72173,0.77387,0.93982,0.96226,0.65899,0.69146,0.85828,0.59956,1.09241,0,0.000733738,0.000733738,0.000733738
345,8462.13,0.37811,0.26632,0.35629,0.87235,0,0.87693,0.78333,0.95839,0.72296,0.87693,0.78333,0.95839,0.62734,0.71818,0.97597,0.59216,1.10454,0,0.000732638,0.000732638,0.000732638
346,8486.72,0.33159,0.24699,0.30923,0.8561,0,0.83698,0.79167,0.96527,0.73004,0.83698,0.79167,0.96527,0.6382,0.72831,1.0462,0.59214,1.10814,0,0.000731538,0.000731538,0.000731538
347,8511.2,0.33837,0.25793,0.30178,0.85905,0,0.91348,0.71919,0.83139,0.71088,0.91348,0.71919,0.83139,0.63395,0.68295,0.96628,0.5801,1.06093,0,0.000730438,0.000730438,0.000730438
348,8535.68,0.38537,0.25925,0.31293,0.88475,0,0.79865,1,0.97153,0.79593,0.79865,1,0.97153,0.72086,0.68272,1.01965,0.5359,1.05937,0,0.000729338,0.000729338,0.000729338
349,8560.14,0.35583,0.26997,0.34505,0.8556,0,0.75478,1,0.97178,0.80981,0.75478,1,0.97178,0.72986,0.67174,0.96189,0.51926,1.04709,0,0.000728238,0.000728238,0.000728238
350,8584.64,0.35644,0.2571,0.33897,0.85292,0,0.85702,0.7614,0.94565,0.70393,0.85702,0.7614,0.94565,0.64664,0.68857,0.92963,0.57034,1.08409,0,0.000727138,0.000727138,0.000727138
351,8609.15,0.33017,0.24546,0.30124,0.84493,0,0.72617,1,0.95204,0.71983,0.72617,1,0.95204,0.64278,0.6822,0.88206,0.53924,1.07529,0,0.000726038,0.000726038,0.000726038
352,8633.64,0.32844,0.29979,0.31566,0.83831,0,0.90028,0.78058,0.76583,0.64629,0.90028,0.78058,0.76583,0.58702,0.71395,0.93148,0.53094,1.08778,0,0.000724939,0.000724939,0.000724939
353,8658.24,0.35063,0.25521,0.31075,0.85189,0,0.86887,0.78789,0.75714,0.64036,0.86887,0.78789,0.75714,0.55443,0.71104,0.99114,0.57196,1.09475,0,0.000723839,0.000723839,0.000723839
354,8682.77,0.33231,0.30341,0.29243,0.8513,0,0.90195,0.74907,0.76687,0.65012,0.90195,0.74907,0.76687,0.5878,0.68418,0.88692,0.56302,1.07125,0,0.000722739,0.000722739,0.000722739
355,8707.28,0.3165,0.2593,0.27777,0.83943,0,0.76858,0.97595,0.94819,0.70413,0.76858,0.97595,0.94819,0.62044,0.68385,0.87948,0.56381,1.09171,0,0.000721639,0.000721639,0.000721639
356,8731.76,0.31513,0.27451,0.2762,0.83173,0,0.76825,0.99789,0.94621,0.6923,0.76825,0.99789,0.94621,0.62197,0.70876,0.93442,0.56802,1.1128,0,0.000720539,0.000720539,0.000720539
357,8756.26,0.30493,0.26869,0.27329,0.84629,0,0.89031,0.7844,0.95529,0.72289,0.89031,0.7844,0.95529,0.65458,0.70309,0.90216,0.56353,1.09406,0,0.000719439,0.000719439,0.000719439
358,8780.8,0.30038,0.23296,0.26273,0.83979,0,0.88944,0.7947,0.90758,0.72792,0.88944,0.7947,0.90758,0.65375,0.68444,0.88601,0.57632,1.08221,0,0.000718339,0.000718339,0.000718339
359,8805.32,0.32129,0.24162,0.298,0.84657,0,0.9177,0.75593,0.76831,0.65325,0.9177,0.75593,0.76831,0.57259,0.73831,1.01694,0.52776,1.1314,0,0.000717239,0.000717239,0.000717239
360,8829.83,0.31593,0.26402,0.31832,0.85382,0,0.9115,0.77974,0.77427,0.67086,0.9115,0.77974,0.77427,0.58381,0.71642,0.90741,0.51707,1.10799,0,0.000716139,0.000716139,0.000716139
361,8854.32,0.30484,0.22912,0.28776,0.84852,0,0.90998,0.79428,0.94219,0.71725,0.90998,0.79428,0.94219,0.63802,0.69613,0.89925,0.48568,1.08831,0,0.00071504,0.00071504,0.00071504
362,8878.84,0.32398,0.22996,0.30289,0.85374,0,0.80293,1,0.97025,0.71924,0.80293,1,0.97025,0.64066,0.69015,0.93946,0.53127,1.08441,0,0.00071394,0.00071394,0.00071394
363,8903.31,0.30554,0.24808,0.28246,0.83466,0,0.7596,1,0.97723,0.73033,0.7596,1,0.97723,0.62787,0.70233,0.99342,0.48197,1.08322,0,0.00071284,0.00071284,0.00071284
364,8927.89,0.32132,0.262,0.30125,0.84974,0,0.89722,0.7837,0.86471,0.68601,0.89722,0.7837,0.86471,0.5969,0.69337,0.89728,0.54591,1.06305,0,0.00071174,0.00071174,0.00071174
365,8952.4,0.3179,0.26319,0.2889,0.8423,0,0.8732,0.7927,0.76313,0.66812,0.8732,0.7927,0.76313,0.57159,0.69357,0.882,0.57159,1.05659,0,0.00071064,0.00071064,0.00071064
366,8976.9,0.32168,0.23263,0.27741,0.85379,0,0.88712,0.77728,0.75407,0.66971,0.88712,0.77728,0.75407,0.58864,0.69419,0.87543,0.57407,1.07988,0,0.00070954,0.00070954,0.00070954
367,9001.42,0.31536,0.2345,0.26797,0.84608,0,0.90224,0.77994,0.75568,0.64633,0.90224,0.77994,0.75568,0.57808,0.6763,0.91307,0.54144,1.07039,0,0.00070844,0.00070844,0.00070844
368,9025.89,0.33,0.28454,0.31844,0.8523,0,0.90248,0.78311,0.77303,0.66707,0.90248,0.78311,0.77303,0.60324,0.67297,0.9535,0.50204,1.07044,0,0.00070734,0.00070734,0.00070734
369,9050.45,0.32556,0.28127,0.30618,0.85199,0,0.88988,0.78996,0.95988,0.83888,0.88988,0.78996,0.95988,0.78183,0.65614,0.92473,0.54616,1.06255,0,0.00070624,0.00070624,0.00070624
370,9074.99,0.30482,0.25735,0.27495,0.84093,0,0.87601,0.8,0.77241,0.6759,0.87601,0.8,0.77241,0.57878,0.69151,0.89366,0.57804,1.08164,0,0.000705141,0.000705141,0.000705141
371,9099.49,0.33916,0.26836,0.30195,0.85153,0,0.84283,0.8,0.76603,0.64749,0.84283,0.8,0.76603,0.55933,0.76008,0.98474,0.55568,1.16594,0,0.000704041,0.000704041,0.000704041
372,9123.99,0.32569,0.27816,0.29587,0.83826,0,0.899,0.78333,0.87286,0.7637,0.899,0.78333,0.87286,0.67631,0.68882,0.82283,0.52518,1.08683,0,0.000702941,0.000702941,0.000702941
373,9148.49,0.29997,0.25136,0.277,0.83484,0,0.87993,0.79167,0.77106,0.68298,0.87993,0.79167,0.77106,0.60056,0.67548,0.79825,0.56005,1.0756,0,0.000701841,0.000701841,0.000701841
374,9173.07,0.32022,0.25794,0.30937,0.85293,0,0.86477,0.79222,0.77411,0.68483,0.86477,0.79222,0.77411,0.6156,0.66204,0.87321,0.57963,1.0738,0,0.000700741,0.000700741,0.000700741
375,9197.59,0.29397,0.23085,0.29359,0.83507,0,0.89851,0.75763,0.76327,0.67449,0.89851,0.75763,0.76327,0.60456,0.6555,0.84927,0.58858,1.06665,0,0.000699641,0.000699641,0.000699641
376,9222.09,0.32147,0.29895,0.29921,0.85887,0,0.93013,0.74052,0.76445,0.65849,0.93013,0.74052,0.76445,0.58839,0.6643,0.80796,0.53261,1.07268,0,0.000698541,0.000698541,0.000698541
377,9246.59,0.30729,0.2311,0.2847,0.84553,0,0.91767,0.78333,0.76611,0.67144,0.91767,0.78333,0.76611,0.60542,0.6682,0.83942,0.51196,1.06177,0,0.000697441,0.000697441,0.000697441
378,9271.13,0.31457,0.20737,0.28076,0.84129,0,0.91518,0.78063,0.77595,0.6789,0.91518,0.78063,0.77595,0.59787,0.67111,0.91357,0.52342,1.05923,0,0.000696341,0.000696341,0.000696341
379,9295.65,0.3284,0.28265,0.30641,0.85943,0,0.93281,0.77425,0.77424,0.6825,0.93281,0.77425,0.77424,0.61452,0.68086,0.92882,0.56222,1.06477,0,0.000695242,0.000695242,0.000695242
380,9320.15,0.31826,0.24873,0.29824,0.83664,0,0.90914,0.77977,0.76897,0.67797,0.90914,0.77977,0.76897,0.59744,0.69606,0.86601,0.54745,1.0799,0,0.000694142,0.000694142,0.000694142
381,9344.66,0.30859,0.26681,0.28376,0.84721,0,0.88838,0.77636,0.7615,0.66348,0.88838,0.77636,0.7615,0.60401,0.71958,0.85556,0.5689,1.10173,0,0.000693042,0.000693042,0.000693042
382,9369.18,0.32084,0.2415,0.28211,0.8333,0,0.88262,0.79559,0.74923,0.65276,0.88262,0.79559,0.74923,0.56797,0.71639,0.82136,0.58816,1.10768,0,0.000691942,0.000691942,0.000691942
383,9393.75,0.29197,0.24069,0.26958,0.84247,0,0.90268,0.78333,0.78399,0.66587,0.90268,0.78333,0.78399,0.58272,0.67485,0.79897,0.55098,1.07305,0,0.000690842,0.000690842,0.000690842
384,9418.28,0.31053,0.26456,0.30306,0.84823,0,0.9122,0.77102,0.95886,0.74253,0.9122,0.77102,0.95886,0.65415,0.67935,0.85333,0.55645,1.056,0,0.000689742,0.000689742,0.000689742
385,9442.81,0.30651,0.24484,0.27339,0.82808,0,0.78036,0.98662,0.96174,0.74179,0.78036,0.98662,0.96174,0.68465,0.67505,0.90705,0.51847,1.05867,0,0.000688642,0.000688642,0.000688642
386,9467.32,0.30669,0.28461,0.31432,0.82119,0,0.79818,1,0.94648,0.72444,0.79818,1,0.94648,0.65561,0.68166,0.88431,0.51259,1.0749,0,0.000687542,0.000687542,0.000687542
387,9491.84,0.30901,0.24819,0.29854,0.84742,0,0.81781,0.99308,0.95293,0.72047,0.81781,0.99308,0.95293,0.64791,0.70439,0.82655,0.50679,1.09207,0,0.000686442,0.000686442,0.000686442
388,9516.39,0.30179,0.24567,0.28925,0.84069,0,0.7881,0.98468,0.95305,0.7405,0.7881,0.98468,0.95305,0.66627,0.69723,0.86254,0.52794,1.08441,0,0.000685343,0.000685343,0.000685343
389,9540.86,0.30092,0.24376,0.29076,0.85381,0,0.79584,1,0.9556,0.77916,0.79584,1,0.9556,0.70811,0.68934,0.93639,0.55377,1.07588,0,0.000684243,0.000684243,0.000684243
390,9565.38,0.28308,0.19965,0.26729,0.83792,0,0.85594,0.99167,0.95956,0.77234,0.85594,0.99167,0.95956,0.68131,0.68457,0.95806,0.54761,1.08103,0,0.000683143,0.000683143,0.000683143
391,9589.89,0.30757,0.2684,0.2888,0.82491,0,0.8886,0.97992,0.96581,0.79062,0.8886,0.97992,0.96581,0.71373,0.69445,0.91678,0.55154,1.07484,0,0.000682043,0.000682043,0.000682043
392,9614.43,0.2835,0.20754,0.2613,0.82585,0,0.8771,0.984,0.94768,0.75664,0.8771,0.984,0.94768,0.68775,0.70424,0.91673,0.5872,1.08912,0,0.000680943,0.000680943,0.000680943
393,9638.92,0.29406,0.27395,0.29059,0.83422,0,0.77901,1,0.96652,0.79556,0.77901,1,0.96652,0.69736,0.69361,0.99822,0.56388,1.09502,0,0.000679843,0.000679843,0.000679843
394,9663.51,0.31988,0.23633,0.31808,0.84364,0,0.77835,1,0.96006,0.80753,0.77835,1,0.96006,0.71287,0.67924,0.99167,0.54406,1.07277,0,0.000678743,0.000678743,0.000678743
395,9688.05,0.3044,0.25924,0.26447,0.83012,0,0.75448,0.98479,0.9423,0.77318,0.75448,0.98479,0.9423,0.68516,0.68034,0.93404,0.60532,1.08447,0,0.000677643,0.000677643,0.000677643
396,9712.51,0.31055,0.23443,0.27631,0.84516,0,0.70263,0.99949,0.92825,0.77287,0.70263,0.99949,0.92825,0.68966,0.68658,0.91905,0.55285,1.08681,0,0.000676543,0.000676543,0.000676543
397,9737,0.32149,0.25354,0.37711,0.83752,0,0.64037,0.87074,0.81645,0.69499,0.64037,0.87074,0.81645,0.6164,0.68302,0.91342,0.56865,1.07895,0,0.000675444,0.000675444,0.000675444
398,9761.47,0.32229,0.22646,0.30821,0.84649,0,0.87237,0.78333,0.76075,0.65403,0.87237,0.78333,0.76075,0.59407,0.67579,0.91837,0.62181,1.07518,0,0.000674344,0.000674344,0.000674344
399,9785.98,0.28278,0.2184,0.25721,0.83067,0,0.88548,0.77893,0.75817,0.66612,0.88548,0.77893,0.75817,0.58236,0.68114,0.96956,0.63667,1.07522,0,0.000673244,0.000673244,0.000673244
400,9810.57,0.30012,0.26797,0.2661,0.84102,0,0.88367,0.76408,0.76956,0.67889,0.88367,0.76408,0.76956,0.60932,0.6866,1.0007,0.5745,1.06815,0,0.000672144,0.000672144,0.000672144
401,9835.08,0.32689,0.33052,0.27314,0.84547,0,0.87959,0.77167,0.76449,0.67489,0.87959,0.77167,0.76449,0.61141,0.6658,0.90139,0.53639,1.08646,0,0.000671044,0.000671044,0.000671044
402,9859.54,0.31461,0.29008,0.29447,0.8306,0,0.87524,0.78375,0.77324,0.6793,0.87524,0.78375,0.77324,0.58446,0.68933,0.86324,0.50345,1.08456,0,0.000669944,0.000669944,0.000669944
403,9884.05,0.28643,0.22178,0.26406,0.82309,0,0.88498,0.78333,0.76209,0.67499,0.88498,0.78333,0.76209,0.57447,0.69794,0.85324,0.55365,1.06926,0,0.000668844,0.000668844,0.000668844
404,9908.54,0.3216,0.26798,0.29147,0.84538,0,0.87891,0.78612,0.81505,0.7081,0.87891,0.78612,0.81505,0.61791,0.69159,0.87444,0.56091,1.07067,0,0.000667744,0.000667744,0.000667744
405,9933.14,0.29496,0.24348,0.26205,0.83301,0,0.87037,0.78333,0.76284,0.65935,0.87037,0.78333,0.76284,0.57871,0.68754,0.92195,0.57449,1.08048,0,0.000666644,0.000666644,0.000666644
406,9957.63,0.30806,0.2246,0.26532,0.83717,0,0.86617,0.7795,0.76231,0.65484,0.86617,0.7795,0.76231,0.57713,0.70481,0.90238,0.61558,1.08454,0,0.000665545,0.000665545,0.000665545
407,9982.14,0.29398,0.2198,0.27874,0.84202,0,0.85933,0.78346,0.75598,0.64694,0.85933,0.78346,0.75598,0.5599,0.71581,0.97301,0.61566,1.08773,0,0.000664445,0.000664445,0.000664445
408,10006.6,0.28133,0.25015,0.24985,0.83254,0,0.85778,0.78989,0.74936,0.65451,0.85778,0.78989,0.74936,0.57507,0.69982,0.97198,0.63725,1.08777,0,0.000663345,0.000663345,0.000663345
409,10031.1,0.29501,0.23194,0.26786,0.84705,0,0.87077,0.79013,0.75828,0.665,0.87077,0.79013,0.75828,0.5768,0.69751,0.97406,0.61644,1.08065,0,0.000662245,0.000662245,0.000662245
410,10055.6,0.29813,0.26854,0.27769,0.83517,0,0.86483,0.79167,0.76494,0.67514,0.86483,0.79167,0.76494,0.59047,0.70119,0.91594,0.61482,1.08597,0,0.000661145,0.000661145,0.000661145
411,10080.2,0.31327,0.23308,0.31946,0.83934,0,0.87363,0.79167,0.74827,0.66395,0.87363,0.79167,0.74827,0.59188,0.69545,0.88882,0.5952,1.08325,0,0.000660045,0.000660045,0.000660045
412,10104.7,0.29285,0.21776,0.2735,0.83253,0,0.89304,0.78333,0.81011,0.69783,0.89304,0.78333,0.81011,0.62748,0.67721,0.94744,0.55939,1.06923,0,0.000658945,0.000658945,0.000658945
413,10129.1,0.28732,0.23634,0.31046,0.81532,0,0.89064,0.78333,0.75912,0.67167,0.89064,0.78333,0.75912,0.59549,0.67075,0.99151,0.57691,1.06428,0,0.000657845,0.000657845,0.000657845
414,10153.7,0.28843,0.21435,0.27167,0.84525,0,0.8813,0.77553,0.75627,0.66726,0.8813,0.77553,0.75627,0.59363,0.68818,0.9491,0.62984,1.07081,0,0.000656745,0.000656745,0.000656745
415,10178.2,0.28025,0.21929,0.26115,0.83371,0,0.87969,0.77794,0.74803,0.65955,0.87969,0.77794,0.74803,0.59124,0.68023,0.92417,0.60743,1.05961,0,0.000655646,0.000655646,0.000655646
416,10202.8,0.28051,0.21602,0.27671,0.83202,0,0.87512,0.78888,0.77137,0.6656,0.87512,0.78888,0.77137,0.59017,0.71424,1.00822,0.58305,1.08305,0,0.000654546,0.000654546,0.000654546
417,10227.3,0.29792,0.21187,0.27245,0.84124,0,0.87342,0.79393,0.75983,0.66742,0.87342,0.79393,0.75983,0.59238,0.70046,1.04099,0.62878,1.07388,0,0.000653446,0.000653446,0.000653446
418,10251.8,0.27794,0.24433,0.26362,0.83835,0,0.77632,0.97984,0.95476,0.8572,0.77632,0.97984,0.95476,0.78352,0.66368,1.01056,0.57923,1.04145,0,0.000652346,0.000652346,0.000652346
419,10276.6,0.27876,0.24565,0.26279,0.82625,0,0.86643,0.77956,0.90877,0.78808,0.86643,0.77956,0.90877,0.7275,0.66882,1.03181,0.5551,1.04063,0,0.000651246,0.000651246,0.000651246
420,10301.1,0.28827,0.23156,0.26737,0.83757,0,0.91011,0.7745,0.76995,0.67743,0.91011,0.7745,0.76995,0.59518,0.65977,0.97936,0.56774,1.04311,0,0.000650146,0.000650146,0.000650146
421,10325.6,0.2695,0.22064,0.24613,0.82007,0,0.90505,0.76774,0.77056,0.67382,0.90505,0.76774,0.77056,0.60783,0.65284,0.88752,0.62643,1.05334,0,0.000649046,0.000649046,0.000649046
422,10350.2,0.27901,0.238,0.2447,0.82072,0,0.87093,0.75622,0.74026,0.64964,0.87093,0.75622,0.74026,0.58121,0.6721,0.88772,0.60277,1.05834,0,0.000647946,0.000647946,0.000647946
423,10374.7,0.28576,0.25427,0.23568,0.8324,0,0.8939,0.74751,0.74498,0.64284,0.8939,0.74751,0.74498,0.57912,0.68748,0.99685,0.61183,1.07193,0,0.000646846,0.000646846,0.000646846
424,10399.2,0.28971,0.22652,0.25451,0.82867,0,0.88418,0.74391,0.74039,0.63755,0.88418,0.74391,0.74039,0.57606,0.65808,0.95767,0.62214,1.06181,0,0.000645747,0.000645747,0.000645747
425,10423.6,0.29537,0.25051,0.2678,0.84691,0,0.87536,0.78333,0.89473,0.71959,0.87536,0.78333,0.89473,0.65675,0.67546,0.8724,0.61509,1.06818,0,0.000644647,0.000644647,0.000644647
426,10448.2,0.28925,0.23124,0.25446,0.82678,0,0.87219,0.78333,0.91065,0.72981,0.87219,0.78333,0.91065,0.65602,0.69757,0.93356,0.6005,1.08974,0,0.000643547,0.000643547,0.000643547
427,10472.7,0.30269,0.25965,0.26179,0.82672,0,0.92027,0.73942,0.93095,0.73279,0.92027,0.73942,0.93095,0.67096,0.72663,1.07553,0.60115,1.11535,0,0.000642447,0.000642447,0.000642447
428,10497.2,0.29837,0.25113,0.24891,0.8358,0,0.81274,0.98049,0.952,0.72295,0.81274,0.98049,0.952,0.64362,0.72382,1.08549,0.56101,1.1186,0,0.000641347,0.000641347,0.000641347
429,10521.7,0.28498,0.2118,0.24637,0.83369,0,0.82966,0.98376,0.95742,0.72911,0.82966,0.98376,0.95742,0.65503,0.69274,1.03975,0.56142,1.10039,0,0.000640247,0.000640247,0.000640247
430,10546.2,0.28617,0.2027,0.25221,0.82858,0,0.77435,0.98664,0.96304,0.72529,0.77435,0.98664,0.96304,0.65972,0.69781,1.04563,0.59466,1.09806,0,0.000639147,0.000639147,0.000639147
431,10570.7,0.26801,0.22081,0.24117,0.83634,0,0.9103,0.76333,0.94887,0.70225,0.9103,0.76333,0.94887,0.63579,0.67737,1.04644,0.58342,1.08966,0,0.000638047,0.000638047,0.000638047
432,10595.2,0.28005,0.21049,0.24212,0.83131,0,0.89125,0.77485,0.89336,0.7677,0.89125,0.77485,0.89336,0.69304,0.6625,1.0291,0.566,1.07822,0,0.000636947,0.000636947,0.000636947
433,10619.7,0.29276,0.25109,0.27639,0.83918,0,0.85194,0.79167,0.95992,0.7024,0.85194,0.79167,0.95992,0.64548,0.66889,1.02587,0.59627,1.06848,0,0.000635848,0.000635848,0.000635848
434,10644.3,0.28735,0.25069,0.25515,0.81331,0,0.84879,0.79351,0.94716,0.67333,0.84879,0.79351,0.94716,0.63921,0.69204,1.0141,0.62962,1.08941,0,0.000634748,0.000634748,0.000634748
435,10668.8,0.295,0.22436,0.27138,0.83765,0,0.89557,0.73956,0.75345,0.65594,0.89557,0.73956,0.75345,0.57584,0.71334,1.0328,0.66825,1.09534,0,0.000633648,0.000633648,0.000633648
436,10693.3,0.28172,0.23381,0.25111,0.82599,0,0.91689,0.73473,0.75972,0.67026,0.91689,0.73473,0.75972,0.58664,0.67905,0.96785,0.61008,1.07001,0,0.000632548,0.000632548,0.000632548
437,10717.8,0.28515,0.23178,0.2523,0.83436,0,0.89489,0.77213,0.76664,0.66463,0.89489,0.77213,0.76664,0.60304,0.67814,0.95009,0.58234,1.0858,0,0.000631448,0.000631448,0.000631448
438,10742.3,0.28737,0.22987,0.27782,0.8425,0,0.89273,0.78744,0.75366,0.65942,0.89273,0.78744,0.75366,0.58742,0.68367,0.91892,0.59054,1.09121,0,0.000630348,0.000630348,0.000630348
439,10766.8,0.27579,0.22731,0.25995,0.82747,0,0.77247,0.97114,0.96167,0.81742,0.77247,0.97114,0.96167,0.74636,0.664,0.87991,0.56402,1.0689,0,0.000629248,0.000629248,0.000629248
440,10791.4,0.27088,0.2459,0.25871,0.83151,0,0.74817,0.94085,0.9646,0.80746,0.74817,0.94085,0.9646,0.74588,0.64851,0.95114,0.56117,1.05563,0,0.000628148,0.000628148,0.000628148
441,10815.9,0.29269,0.23304,0.26441,0.84245,0,0.86574,0.78333,0.78361,0.6849,0.86574,0.78333,0.78361,0.61319,0.68397,1.0408,0.56416,1.0752,0,0.000627048,0.000627048,0.000627048
442,10840.4,0.2787,0.23414,0.24976,0.83137,0,0.89882,0.77544,0.81152,0.68483,0.89882,0.77544,0.81152,0.62042,0.66864,0.96855,0.56848,1.06688,0,0.000625949,0.000625949,0.000625949
443,10864.9,0.28101,0.21417,0.25566,0.83274,0,0.86798,0.77712,0.75724,0.66135,0.86798,0.77712,0.75724,0.59123,0.6648,0.99399,0.58847,1.06839,0,0.000624849,0.000624849,0.000624849
444,10889.4,0.29593,0.21969,0.26869,0.83723,0,0.91877,0.77797,0.76244,0.65829,0.91877,0.77797,0.76244,0.5822,0.69973,1.0492,0.60072,1.08675,0,0.000623749,0.000623749,0.000623749
445,10913.9,0.28596,0.24489,0.25396,0.82168,0,0.71787,0.99167,0.93757,0.77179,0.71787,0.99167,0.93757,0.70104,0.68159,1.01959,0.60157,1.08177,0,0.000622649,0.000622649,0.000622649
446,10938.4,0.2927,0.25135,0.27778,0.835,0,0.6426,0.89167,0.85827,0.72654,0.6426,0.89167,0.85827,0.65007,0.68593,0.95258,0.5422,1.08069,0,0.000621549,0.000621549,0.000621549
447,10962.9,0.30037,0.21624,0.26534,0.8405,0,0.83208,0.88333,0.9237,0.7813,0.83208,0.88333,0.9237,0.69059,0.6618,0.92543,0.50482,1.07553,0,0.000620449,0.000620449,0.000620449
448,10987.4,0.27082,0.31308,0.24881,0.81366,0,0.79457,0.97341,0.97225,0.7526,0.79457,0.97341,0.97225,0.66675,0.67548,0.96622,0.53753,1.08878,0,0.000619349,0.000619349,0.000619349
449,11011.9,0.26507,0.20236,0.24097,0.8306,0,0.77126,0.95865,0.97066,0.7358,0.77126,0.95865,0.97066,0.66993,0.69741,0.99867,0.55284,1.09438,0,0.000618249,0.000618249,0.000618249
450,11036.4,0.27095,0.25958,0.25035,0.8267,0,0.88686,0.78844,0.77405,0.67336,0.88686,0.78844,0.77405,0.60255,0.70752,1.01081,0.6051,1.09523,0,0.000617149,0.000617149,0.000617149
451,11060.9,0.2862,0.2397,0.25287,0.83739,0,0.71322,0.75622,0.77531,0.67357,0.71322,0.75622,0.77531,0.59986,0.71566,0.9619,0.60355,1.09694,0,0.000616049,0.000616049,0.000616049
452,11085.4,0.26457,0.22549,0.22945,0.81636,0,0.89275,0.77577,0.76329,0.6689,0.89275,0.77577,0.76329,0.58377,0.71654,0.96037,0.58765,1.09579,0,0.00061495,0.00061495,0.00061495
453,11109.9,0.27218,0.22158,0.25035,0.82458,0,0.88752,0.76434,0.89477,0.70066,0.88752,0.76434,0.89477,0.61527,0.70268,0.96416,0.59125,1.09511,0,0.00061385,0.00061385,0.00061385
454,11134.4,0.25891,0.21643,0.24125,0.83353,0,0.77631,0.9908,0.96546,0.79449,0.77631,0.9908,0.96546,0.72546,0.67819,0.95195,0.55671,1.08908,0,0.00061275,0.00061275,0.00061275
455,11158.9,0.25439,0.2065,0.23412,0.82888,0,0.71242,0.9,0.93396,0.76707,0.71242,0.9,0.93396,0.69627,0.67768,0.93442,0.53973,1.09002,0,0.00061165,0.00061165,0.00061165
456,11183.4,0.25863,0.23353,0.22409,0.81712,0,0.90353,0.75956,0.86539,0.6759,0.90353,0.75956,0.86539,0.59992,0.68752,1.01546,0.54127,1.10561,0,0.00061055,0.00061055,0.00061055
457,11208,0.27152,0.25373,0.24007,0.82361,0,0.92061,0.76779,0.78607,0.66142,0.92061,0.76779,0.78607,0.60053,0.68887,1.02305,0.54995,1.09873,0,0.00060945,0.00060945,0.00060945
458,11232.5,0.26916,0.21673,0.26363,0.81898,0,0.92026,0.77956,0.82454,0.67771,0.92026,0.77956,0.82454,0.63021,0.70552,0.98869,0.5655,1.1155,0,0.00060835,0.00060835,0.00060835
459,11257,0.28629,0.24171,0.27585,0.84477,0,0.82487,1,0.9725,0.81605,0.82487,1,0.9725,0.7469,0.72112,0.98011,0.53488,1.12243,0,0.00060725,0.00060725,0.00060725
460,11281.5,0.26292,0.20551,0.24495,0.82113,0,0.81693,0.99167,0.97131,0.79792,0.81693,0.99167,0.97131,0.7468,0.6987,0.98622,0.56917,1.0868,0,0.00060615,0.00060615,0.00060615
461,11306,0.26369,0.21577,0.24453,0.81873,0,0.68883,1,0.95461,0.78738,0.68883,1,0.95461,0.72232,0.68703,1.00214,0.59201,1.06911,0,0.000605051,0.000605051,0.000605051
462,11330.6,0.25151,0.19927,0.25121,0.82459,0,0.73206,0.948,0.94618,0.71456,0.73206,0.948,0.94618,0.65805,0.68371,1.0356,0.60148,1.0766,0,0.000603951,0.000603951,0.000603951
463,11355.1,0.2738,0.25072,0.25665,0.82741,0,0.90146,0.77123,0.94789,0.70214,0.90146,0.77123,0.94789,0.63715,0.68918,1.05081,0.58319,1.0941,0,0.000602851,0.000602851,0.000602851
464,11379.7,0.29803,0.2336,0.27492,0.84294,0,0.89335,0.76155,0.77964,0.65505,0.89335,0.76155,0.77964,0.58849,0.70619,0.97042,0.59304,1.11659,0,0.000601751,0.000601751,0.000601751
465,11404.1,0.28323,0.2127,0.27077,0.82869,0,0.87325,0.77171,0.94357,0.69767,0.87325,0.77171,0.94357,0.62419,0.69739,0.8828,0.60199,1.11308,0,0.000600651,0.000600651,0.000600651
466,11428.6,0.28245,0.21485,0.27211,0.83004,0,0.68497,0.99742,0.93213,0.73915,0.68497,0.99742,0.93213,0.63568,0.69232,0.87745,0.55104,1.10194,0,0.000599551,0.000599551,0.000599551
467,11453.2,0.27974,0.22523,0.25656,0.82691,0,0.78668,0.95981,0.95991,0.78717,0.78668,0.95981,0.95991,0.72932,0.67893,0.88811,0.50758,1.07082,0,0.000598451,0.000598451,0.000598451
468,11477.7,0.28861,0.21537,0.26212,0.83408,0,0.69289,0.99167,0.93181,0.77394,0.69289,0.99167,0.93181,0.67983,0.67108,0.95161,0.53827,1.07112,0,0.000597351,0.000597351,0.000597351
469,11502.2,0.27423,0.24461,0.25946,0.83178,0,0.6681,0.99914,0.90026,0.75827,0.6681,0.99914,0.90026,0.67506,0.67667,1.021,0.58384,1.0627,0,0.000596251,0.000596251,0.000596251
470,11526.7,0.26936,0.2026,0.24611,0.81895,0,0.65866,0.91884,0.90344,0.72937,0.65866,0.91884,0.90344,0.625,0.67788,1.07613,0.60769,1.06023,0,0.000595152,0.000595152,0.000595152
471,11551.2,0.28134,0.225,0.26496,0.83365,0,0.90353,0.77963,0.85444,0.69658,0.90353,0.77963,0.85444,0.60631,0.68649,1.01253,0.58342,1.06732,0,0.000594052,0.000594052,0.000594052
472,11575.7,0.26417,0.23748,0.25465,0.82899,0,0.9113,0.76333,0.87481,0.75121,0.9113,0.76333,0.87481,0.65893,0.65877,0.97576,0.5485,1.04613,0,0.000592952,0.000592952,0.000592952
473,11600.2,0.2691,0.19941,0.24871,0.83531,0,0.88863,0.79167,0.86738,0.71664,0.88863,0.79167,0.86738,0.64242,0.67812,1.03747,0.54948,1.06865,0,0.000591852,0.000591852,0.000591852
474,11624.7,0.29051,0.22731,0.30186,0.82978,0,0.87921,0.76614,0.77101,0.65641,0.87921,0.76614,0.77101,0.56672,0.71315,1.09801,0.56232,1.10644,0,0.000590752,0.000590752,0.000590752
475,11649.2,0.26927,0.19388,0.24782,0.82919,0,0.90022,0.76811,0.76151,0.66318,0.90022,0.76811,0.76151,0.59071,0.66785,1.03545,0.59631,1.07015,0,0.000589652,0.000589652,0.000589652
476,11673.7,0.26121,0.21903,0.26299,0.82998,0,0.89326,0.76441,0.85724,0.73264,0.89326,0.76441,0.85724,0.66905,0.66446,1.0034,0.57721,1.06756,0,0.000588552,0.000588552,0.000588552
477,11698.3,0.25575,0.19304,0.2395,0.829,0,0.76433,0.8,0.95223,0.74853,0.76433,0.8,0.95223,0.68954,0.67214,0.96769,0.57008,1.06989,0,0.000587452,0.000587452,0.000587452
478,11722.8,0.27297,0.21067,0.24042,0.8296,0,0.81331,0.99046,0.94707,0.76522,0.81331,0.99046,0.94707,0.70012,0.67099,0.97487,0.58691,1.06863,0,0.000586352,0.000586352,0.000586352
479,11747.2,0.25621,0.25475,0.25393,0.8089,0,0.78361,0.99497,0.94585,0.7652,0.78361,0.99497,0.94585,0.70986,0.67485,1.07714,0.59818,1.07383,0,0.000585253,0.000585253,0.000585253
480,11771.7,0.26657,0.21018,0.25382,0.83305,0,0.76521,0.95331,0.94976,0.77829,0.76521,0.95331,0.94976,0.71457,0.692,1.09545,0.63393,1.0752,0,0.000584153,0.000584153,0.000584153
481,11796.2,0.29489,0.26463,0.27512,0.84378,0,0.82307,0.97594,0.96068,0.80687,0.82307,0.97594,0.96068,0.74285,0.68533,1.02721,0.63886,1.06947,0,0.000583053,0.000583053,0.000583053
482,11820.8,0.25958,0.23084,0.22917,0.83241,0,0.73754,0.89567,0.92608,0.76322,0.73754,0.89567,0.92608,0.6823,0.68939,0.9935,0.60087,1.06828,0,0.000581953,0.000581953,0.000581953
483,11845.3,0.26717,0.21647,0.23882,0.83052,0,0.7632,0.96161,0.96433,0.79123,0.7632,0.96161,0.96433,0.73867,0.68791,0.95945,0.59981,1.07374,0,0.000580853,0.000580853,0.000580853
484,11869.8,0.2803,0.2404,0.26003,0.83603,0,0.90813,0.77975,0.9178,0.7742,0.90813,0.77975,0.9178,0.70083,0.65381,0.94186,0.56187,1.05147,0,0.000579753,0.000579753,0.000579753
485,11894.3,0.26268,0.23182,0.23168,0.82992,0,0.91124,0.77603,0.87169,0.73525,0.91124,0.77603,0.87169,0.65781,0.63934,0.95283,0.56,1.04393,0,0.000578653,0.000578653,0.000578653
486,11918.8,0.27381,0.21005,0.23972,0.84569,0,0.89851,0.79167,0.84778,0.72882,0.89851,0.79167,0.84778,0.63665,0.65401,0.92099,0.59914,1.061,0,0.000577553,0.000577553,0.000577553
487,11943.3,0.29245,0.25301,0.24922,0.83345,0,0.90184,0.79062,0.89757,0.76559,0.90184,0.79062,0.89757,0.65215,0.66141,0.94772,0.62948,1.06287,0,0.000576453,0.000576453,0.000576453
488,11967.8,0.28432,0.22659,0.24672,0.84057,0,0.90044,0.79167,0.94985,0.79385,0.90044,0.79167,0.94985,0.71696,0.64093,0.94532,0.59522,1.04637,0,0.000575354,0.000575354,0.000575354
489,11992.3,0.29321,0.21271,0.28164,0.83882,0,0.78532,0.98702,0.95557,0.7836,0.78532,0.98702,0.95557,0.7206,0.64899,1.01795,0.57374,1.04469,0,0.000574254,0.000574254,0.000574254
490,12016.8,0.28786,0.22936,0.24692,0.83556,0,0.82352,1,0.95058,0.78764,0.82352,1,0.95058,0.71897,0.63762,1.05687,0.5797,1.04245,0,0.000573154,0.000573154,0.000573154
491,12041.3,0.27317,0.27852,0.24387,0.8262,0,0.85619,0.79883,0.81754,0.68486,0.85619,0.79883,0.81754,0.60611,0.63334,1.00704,0.59005,1.04687,0,0.000572054,0.000572054,0.000572054
492,12065.8,0.26595,0.17979,0.24558,0.8324,0,0.88877,0.77956,0.80929,0.67467,0.88877,0.77956,0.80929,0.61351,0.63564,0.89842,0.5796,1.0353,0,0.000570954,0.000570954,0.000570954
493,12090.3,0.26141,0.20163,0.24091,0.82899,0,0.89468,0.77956,0.74766,0.65999,0.89468,0.77956,0.74766,0.5759,0.63378,0.94869,0.56434,1.03868,0,0.000569854,0.000569854,0.000569854
494,12114.8,0.2595,0.17876,0.23354,0.83412,0,0.87028,0.79167,0.75571,0.66545,0.87028,0.79167,0.75571,0.60544,0.6434,1.08668,0.56971,1.05743,0,0.000568754,0.000568754,0.000568754
495,12139.4,0.24631,0.21169,0.23479,0.81175,0,0.87981,0.78747,0.78037,0.67124,0.87981,0.78747,0.78037,0.61047,0.64863,1.18048,0.59959,1.06718,0,0.000567654,0.000567654,0.000567654
496,12163.9,0.26094,0.21163,0.24958,0.83488,0,0.90631,0.75579,0.90362,0.72645,0.90631,0.75579,0.90362,0.6467,0.65813,1.08595,0.56936,1.06104,0,0.000566554,0.000566554,0.000566554
497,12188.3,0.26962,0.21848,0.28943,0.8459,0,0.89141,0.77147,0.87951,0.7247,0.89141,0.77147,0.87951,0.65519,0.65661,1.0159,0.57954,1.04375,0,0.000565455,0.000565455,0.000565455
498,12212.8,0.26538,0.18086,0.24786,0.82056,0,0.92718,0.74017,0.89852,0.72015,0.92718,0.74017,0.89852,0.64217,0.68308,0.98279,0.58907,1.06644,0,0.000564355,0.000564355,0.000564355
499,12237.4,0.26486,0.23308,0.23754,0.83027,0,0.89614,0.78333,0.83273,0.70001,0.89614,0.78333,0.83273,0.59825,0.69493,1.02145,0.65839,1.10953,0,0.000563255,0.000563255,0.000563255
500,12261.9,0.29873,0.2203,0.27028,0.83535,0,0.88063,0.76321,0.80625,0.6935,0.88063,0.76321,0.80625,0.58419,0.65669,1.00652,0.64393,1.06431,0,0.000562155,0.000562155,0.000562155
501,12286.4,0.26659,0.23945,0.25164,0.81807,0,0.68571,1,0.95511,0.81743,0.68571,1,0.95511,0.7686,0.65267,1.0073,0.6174,1.057,0,0.000561055,0.000561055,0.000561055
502,12310.9,0.25096,0.21484,0.23406,0.81254,0,0.75219,0.9,0.93081,0.74358,0.75219,0.9,0.93081,0.68194,0.6499,1.00048,0.62912,1.05417,0,0.000559955,0.000559955,0.000559955
503,12335.4,0.24645,0.2155,0.23216,0.82245,0,0.87722,0.78798,0.84881,0.70891,0.87722,0.78798,0.84881,0.62175,0.66802,1.03393,0.59419,1.07735,0,0.000558855,0.000558855,0.000558855
504,12359.9,0.2547,0.2054,0.24205,0.83479,0,0.86624,0.77337,0.85752,0.70994,0.86624,0.77337,0.85752,0.62977,0.67209,1.06984,0.6089,1.08791,0,0.000557755,0.000557755,0.000557755
505,12384.4,0.25841,0.21456,0.23773,0.8206,0,0.86095,0.78333,0.81856,0.68013,0.86095,0.78333,0.81856,0.59716,0.66495,1.13208,0.64729,1.07164,0,0.000556655,0.000556655,0.000556655
506,12408.9,0.26077,0.21177,0.24719,0.82049,0,0.83338,0.78736,0.77123,0.66051,0.83338,0.78736,0.77123,0.5848,0.64942,1.14506,0.59784,1.05342,0,0.000555556,0.000555556,0.000555556
507,12433.4,0.26474,0.20239,0.25006,0.83747,0,0.86897,0.74741,0.75617,0.65055,0.86897,0.74741,0.75617,0.56498,0.69708,1.21316,0.5928,1.07894,0,0.000554456,0.000554456,0.000554456
508,12457.9,0.25741,0.20086,0.23586,0.81988,0,0.90262,0.72893,0.75426,0.63841,0.90262,0.72893,0.75426,0.55716,0.71496,1.19348,0.63056,1.09126,0,0.000553356,0.000553356,0.000553356
509,12482.4,0.26159,0.21283,0.23544,0.81623,0,0.90841,0.73405,0.76528,0.66485,0.90841,0.73405,0.76528,0.57449,0.67503,1.08517,0.64144,1.05958,0,0.000552256,0.000552256,0.000552256
510,12506.9,0.26651,0.21927,0.24463,0.82562,0,0.90699,0.7403,0.76397,0.6774,0.90699,0.7403,0.76397,0.6033,0.65121,0.95273,0.63076,1.04585,0,0.000551156,0.000551156,0.000551156
511,12531.4,0.25173,0.25673,0.23477,0.80182,0,0.87347,0.79167,0.76539,0.67204,0.87347,0.79167,0.76539,0.60395,0.65078,0.91082,0.59971,1.04369,0,0.000550056,0.000550056,0.000550056
512,12555.9,0.26022,0.21592,0.24012,0.80342,0,0.85991,0.78116,0.75897,0.6596,0.85991,0.78116,0.75897,0.60746,0.64641,0.9193,0.61718,1.04252,0,0.000548956,0.000548956,0.000548956
513,12580.5,0.25179,0.18748,0.2332,0.82053,0,0.89514,0.73098,0.75913,0.65869,0.89514,0.73098,0.75913,0.58165,0.64592,0.9599,0.64397,1.04658,0,0.000547856,0.000547856,0.000547856
514,12605,0.25502,0.22762,0.23572,0.82095,0,0.86965,0.77391,0.75725,0.67242,0.86965,0.77391,0.75725,0.57869,0.6714,1.07895,0.68532,1.07327,0,0.000546756,0.000546756,0.000546756
515,12629.5,0.24586,0.19645,0.24913,0.81301,0,0.84718,0.7858,0.76115,0.6623,0.84718,0.7858,0.76115,0.57193,0.67542,1.10198,0.6601,1.07437,0,0.000545657,0.000545657,0.000545657
516,12654,0.26509,0.22554,0.22353,0.82495,0,0.86208,0.78533,0.75848,0.66324,0.86208,0.78533,0.75848,0.5686,0.65771,1.04788,0.66133,1.05285,0,0.000544557,0.000544557,0.000544557
517,12678.6,0.26151,0.22004,0.22743,0.81893,0,0.87002,0.77899,0.75082,0.65708,0.87002,0.77899,0.75082,0.60077,0.66052,1.01505,0.7178,1.05345,0,0.000543457,0.000543457,0.000543457
518,12703.1,0.24965,0.20791,0.23729,0.8284,0,0.88716,0.7579,0.74614,0.65835,0.88716,0.7579,0.74614,0.55581,0.67255,0.97439,0.70502,1.05488,0,0.000542357,0.000542357,0.000542357
519,12727.6,0.25158,0.19432,0.241,0.82606,0,0.87173,0.76027,0.75124,0.65419,0.87173,0.76027,0.75124,0.55502,0.67872,1.07318,0.69444,1.07472,0,0.000541257,0.000541257,0.000541257
520,12752.1,0.23596,0.19676,0.23404,0.81381,0,0.83979,0.79006,0.75124,0.6465,0.83979,0.79006,0.75124,0.55673,0.68998,1.10491,0.62823,1.09543,0,0.000540157,0.000540157,0.000540157
521,12776.6,0.24782,0.16519,0.24066,0.81832,0,0.88628,0.77169,0.75379,0.6471,0.88628,0.77169,0.75379,0.5716,0.66965,1.06686,0.61346,1.0738,0,0.000539057,0.000539057,0.000539057
522,12801.1,0.25654,0.22014,0.2414,0.82643,0,0.89809,0.7651,0.83684,0.73735,0.89809,0.7651,0.83684,0.65384,0.64156,1.04214,0.60622,1.04312,0,0.000537957,0.000537957,0.000537957
523,12825.6,0.25108,0.17896,0.22712,0.81683,0,0.87949,0.78573,0.78987,0.69643,0.87949,0.78573,0.78987,0.62399,0.63364,1.03006,0.62482,1.04022,0,0.000536857,0.000536857,0.000536857
524,12850.2,0.26471,0.19737,0.35254,0.8082,0,0.84725,0.79337,0.79268,0.68514,0.84725,0.79337,0.79268,0.60391,0.6379,1.02451,0.61417,1.04635,0,0.000535758,0.000535758,0.000535758
525,12874.7,0.26626,0.21225,0.25727,0.82849,0,0.9033,0.71956,0.81482,0.69446,0.9033,0.71956,0.81482,0.59466,0.63759,1.01708,0.61593,1.04186,0,0.000534658,0.000534658,0.000534658
526,12899.2,0.25991,0.22195,0.24248,0.83414,0,0.86652,0.78093,0.89233,0.70596,0.86652,0.78093,0.89233,0.63136,0.64751,1.02833,0.62381,1.05183,0,0.000533558,0.000533558,0.000533558
527,12923.7,0.24938,0.23685,0.22608,0.81659,0,0.7351,0.93408,0.96578,0.75079,0.7351,0.93408,0.96578,0.67569,0.6468,1.09015,0.62259,1.072,0,0.000532458,0.000532458,0.000532458
528,12948.3,0.25694,0.20906,0.23553,0.83636,0,0.75927,0.94414,0.9478,0.72401,0.75927,0.94414,0.9478,0.65987,0.67831,1.07384,0.62931,1.10736,0,0.000531358,0.000531358,0.000531358
529,12972.8,0.26044,0.21931,0.24193,0.82293,0,0.78576,0.97232,0.95681,0.73026,0.78576,0.97232,0.95681,0.6586,0.67929,1.01851,0.62283,1.10383,0,0.000530258,0.000530258,0.000530258
530,12997.2,0.24658,0.20885,0.22153,0.8058,0,0.76954,0.96842,0.9564,0.7368,0.76954,0.96842,0.9564,0.66813,0.66852,0.99768,0.62042,1.08157,0,0.000529158,0.000529158,0.000529158
531,13021.7,0.24315,0.22529,0.21158,0.81682,0,0.64883,0.9,0.85614,0.69731,0.64883,0.9,0.85614,0.6042,0.66091,1.05887,0.65037,1.06512,0,0.000528058,0.000528058,0.000528058
532,13046.2,0.26396,0.21293,0.23573,0.80167,0,0.88617,0.77071,0.82525,0.67675,0.88617,0.77071,0.82525,0.58476,0.67555,1.05999,0.65197,1.09877,0,0.000526958,0.000526958,0.000526958
533,13070.8,0.25624,0.19734,0.23348,0.82624,0,0.91094,0.73499,0.86357,0.68703,0.91094,0.73499,0.86357,0.59826,0.67919,1.01644,0.60935,1.1011,0,0.000525859,0.000525859,0.000525859
534,13095.4,0.26382,0.24423,0.23552,0.81022,0,0.91087,0.75956,0.76788,0.66263,0.91087,0.75956,0.76788,0.57902,0.66824,0.96069,0.62507,1.0793,0,0.000524759,0.000524759,0.000524759
535,13119.9,0.24985,0.19717,0.22942,0.82906,0,0.89323,0.75956,0.77535,0.67644,0.89323,0.75956,0.77535,0.58376,0.65695,0.95465,0.63086,1.06968,0,0.000523659,0.000523659,0.000523659
536,13144.4,0.24252,0.20154,0.2434,0.82344,0,0.8908,0.77693,0.77142,0.66742,0.8908,0.77693,0.77142,0.5892,0.66305,0.96511,0.66282,1.07476,0,0.000522559,0.000522559,0.000522559
537,13169,0.2583,0.20327,0.2352,0.82078,0,0.86337,0.78333,0.76137,0.6508,0.86337,0.78333,0.76137,0.57049,0.68478,0.97981,0.63484,1.08566,0,0.000521459,0.000521459,0.000521459
538,13193.5,0.24275,0.19551,0.22364,0.83141,0,0.84932,0.78333,0.75832,0.64666,0.84932,0.78333,0.75832,0.56873,0.67612,1.01746,0.63001,1.08397,0,0.000520359,0.000520359,0.000520359
539,13217.9,0.27167,0.27208,0.25149,0.82712,0,0.85668,0.77946,0.78047,0.65318,0.85668,0.77946,0.78047,0.56276,0.67845,1.00835,0.62531,1.0899,0,0.000519259,0.000519259,0.000519259
540,13242.4,0.24936,0.21401,0.22257,0.82137,0,0.85707,0.77999,0.80447,0.65493,0.85707,0.77999,0.80447,0.56317,0.67463,1.03447,0.65121,1.08353,0,0.000518159,0.000518159,0.000518159
541,13266.9,0.23623,0.1747,0.23337,0.82013,0,0.83299,0.78805,0.78919,0.66479,0.83299,0.78805,0.78919,0.57602,0.66511,1.06,0.67272,1.07537,0,0.000517059,0.000517059,0.000517059
542,13291.4,0.27289,0.2528,0.26926,0.83584,0,0.87386,0.73167,0.74654,0.65019,0.87386,0.73167,0.74654,0.57005,0.65196,1.01703,0.66974,1.06392,0,0.00051596,0.00051596,0.00051596
543,13316,0.25145,0.22022,0.26051,0.81264,0,0.72458,0.89167,0.89925,0.76507,0.72458,0.89167,0.89925,0.68889,0.64942,0.98503,0.63047,1.059,0,0.00051486,0.00051486,0.00051486
544,13340.5,0.25357,0.18581,0.24324,0.81371,0,0.88234,0.72104,0.93941,0.77572,0.88234,0.72104,0.93941,0.69514,0.66339,0.97812,0.65667,1.06042,0,0.00051376,0.00051376,0.00051376
545,13365,0.25617,0.2329,0.23663,0.82659,0,0.88615,0.71956,0.8514,0.66412,0.88615,0.71956,0.8514,0.59285,0.66584,0.95951,0.6634,1.06025,0,0.00051266,0.00051266,0.00051266
546,13389.5,0.23526,0.20267,0.23271,0.81789,0,0.76246,0.89396,0.94001,0.705,0.76246,0.89396,0.94001,0.62674,0.66683,0.98498,0.65514,1.06426,0,0.00051156,0.00051156,0.00051156
547,13414,0.26737,0.21142,0.25162,0.82545,0,0.75198,0.9275,0.96478,0.73713,0.75198,0.9275,0.96478,0.64365,0.67433,1.06979,0.64709,1.06424,0,0.00051046,0.00051046,0.00051046
548,13438.5,0.25429,0.16872,0.24142,0.82447,0,0.76635,0.96512,0.95242,0.71232,0.76635,0.96512,0.95242,0.62392,0.69,1.13357,0.66883,1.08153,0,0.00050936,0.00050936,0.00050936
549,13463,0.23326,0.18631,0.2078,0.81325,0,0.76624,0.98017,0.95005,0.71561,0.76624,0.98017,0.95005,0.62012,0.6757,1.15615,0.66101,1.07849,0,0.00050826,0.00050826,0.00050826
550,13487.5,0.25052,0.16591,0.24033,0.81835,0,0.76672,0.97625,0.96244,0.71247,0.76672,0.97625,0.96244,0.62657,0.67919,1.14451,0.6317,1.07637,0,0.00050716,0.00050716,0.00050716
551,13512.1,0.24063,0.18583,0.31612,0.80429,0,0.89744,0.74644,0.91809,0.70908,0.89744,0.74644,0.91809,0.63274,0.67691,1.13515,0.62297,1.07334,0,0.00050606,0.00050606,0.00050606
552,13536.5,0.24119,0.20214,0.23123,0.81995,0,0.8875,0.74678,0.75812,0.66039,0.8875,0.74678,0.75812,0.57752,0.67216,1.15126,0.66456,1.06852,0,0.000504961,0.000504961,0.000504961
553,13561.1,0.23973,0.2006,0.22134,0.82261,0,0.8968,0.74333,0.75466,0.65352,0.8968,0.74333,0.75466,0.57354,0.67703,1.18264,0.71265,1.07918,0,0.000503861,0.000503861,0.000503861
554,13585.6,0.23945,0.20011,0.2272,0.79985,0,0.89041,0.76333,0.76866,0.6674,0.89041,0.76333,0.76866,0.5865,0.64958,1.06304,0.68856,1.06159,0,0.000502761,0.000502761,0.000502761
555,13610.1,0.24275,0.25009,0.23222,0.83036,0,0.91942,0.71479,0.7638,0.67167,0.91942,0.71479,0.7638,0.60523,0.6489,0.95677,0.64511,1.05435,0,0.000501661,0.000501661,0.000501661
556,13634.6,0.22183,0.1904,0.22749,0.81691,0,0.90437,0.72333,0.75681,0.65401,0.90437,0.72333,0.75681,0.59416,0.64537,0.9216,0.62373,1.05331,0,0.000500561,0.000500561,0.000500561
557,13659.1,0.25797,0.20895,0.24206,0.83285,0,0.86439,0.77601,0.72921,0.64359,0.86439,0.77601,0.72921,0.57738,0.65704,0.96995,0.63873,1.06968,0,0.000499461,0.000499461,0.000499461
558,13683.6,0.25821,0.19742,0.25329,0.82874,0,0.86005,0.76883,0.76659,0.63514,0.86005,0.76883,0.76659,0.57029,0.68771,1.03886,0.64268,1.09237,0,0.000498361,0.000498361,0.000498361
559,13708.1,0.24021,0.18486,0.2261,0.81585,0,0.83102,0.7899,0.74574,0.63395,0.83102,0.7899,0.74574,0.57063,0.68319,1.04215,0.63569,1.09053,0,0.000497261,0.000497261,0.000497261
560,13732.6,0.23781,0.2094,0.22735,0.80747,0,0.85928,0.78333,0.79841,0.66384,0.85928,0.78333,0.79841,0.59287,0.65931,1.05682,0.61695,1.07824,0,0.000496161,0.000496161,0.000496161
561,13757.1,0.23197,0.17496,0.22706,0.82406,0,0.86386,0.78333,0.74749,0.63963,0.86386,0.78333,0.74749,0.57461,0.64394,1.07296,0.60964,1.06783,0,0.000495062,0.000495062,0.000495062
562,13781.6,0.24607,0.19296,0.21298,0.80704,0,0.86114,0.78333,0.74411,0.64556,0.86114,0.78333,0.74411,0.56902,0.64933,1.09671,0.62933,1.06278,0,0.000493962,0.000493962,0.000493962
563,13806.2,0.24303,0.22019,0.23661,0.80706,0,0.85423,0.78333,0.74441,0.63885,0.85423,0.78333,0.74441,0.55537,0.65237,1.0731,0.60307,1.05985,0,0.000492862,0.000492862,0.000492862
564,13830.8,0.2232,0.18247,0.20725,0.82652,0,0.85907,0.7884,0.75512,0.64324,0.85907,0.7884,0.75512,0.55631,0.65329,1.01103,0.65671,1.05517,0,0.000491762,0.000491762,0.000491762
565,13855.2,0.23342,0.18759,0.21796,0.81236,0,0.85426,0.8,0.75164,0.66325,0.85426,0.8,0.75164,0.57167,0.65598,0.99425,0.66466,1.06264,0,0.000490662,0.000490662,0.000490662
566,13879.8,0.23009,0.18031,0.21603,0.82502,0,0.84928,0.78,0.73915,0.64566,0.84928,0.78,0.73915,0.56464,0.66713,0.98862,0.65675,1.07532,0,0.000489562,0.000489562,0.000489562
567,13904.3,0.23317,0.18083,0.21451,0.82355,0,0.86165,0.7731,0.7534,0.6574,0.86165,0.7731,0.7534,0.56677,0.67134,1.01086,0.61691,1.07292,0,0.000488462,0.000488462,0.000488462
568,13928.8,0.23927,0.18631,0.21875,0.81791,0,0.86408,0.79167,0.93443,0.68147,0.86408,0.79167,0.93443,0.61204,0.65865,1.05858,0.60285,1.06416,0,0.000487362,0.000487362,0.000487362
569,13953.4,0.24759,0.217,0.23613,0.82356,0,0.86884,0.75853,0.77287,0.68445,0.86884,0.75853,0.77287,0.58953,0.64817,1.10483,0.60775,1.0529,0,0.000486262,0.000486262,0.000486262
570,13977.8,0.24858,0.23305,0.21793,0.82495,0,0.88507,0.76551,0.75431,0.6572,0.88507,0.76551,0.75431,0.57236,0.6559,1.10053,0.63776,1.06455,0,0.000485163,0.000485163,0.000485163
571,14002.3,0.22727,0.21899,0.22533,0.80622,0,0.8888,0.76007,0.76605,0.65634,0.8888,0.76007,0.76605,0.57447,0.67096,1.02927,0.59623,1.07518,0,0.000484063,0.000484063,0.000484063
572,14026.8,0.24475,0.23514,0.23292,0.83076,0,0.87477,0.79005,0.76249,0.66415,0.87477,0.79005,0.76249,0.58038,0.65464,0.95657,0.57144,1.05386,0,0.000482963,0.000482963,0.000482963
573,14051.3,0.24607,0.2074,0.22928,0.834,0,0.66172,0.79167,0.76645,0.66729,0.66172,0.79167,0.76645,0.59236,0.64633,0.97411,0.60816,1.05241,0,0.000481863,0.000481863,0.000481863
574,14075.9,0.23778,0.20791,0.22032,0.82553,0,0.6692,0.79167,0.74937,0.65539,0.6692,0.79167,0.74937,0.57421,0.63392,1.01638,0.65094,1.05538,0,0.000480763,0.000480763,0.000480763
575,14100.4,0.24146,0.18325,0.21528,0.82248,0,0.8765,0.8,0.94507,0.8141,0.8765,0.8,0.94507,0.73368,0.64831,1.05924,0.61998,1.06741,0,0.000479663,0.000479663,0.000479663
576,14124.9,0.21984,0.18993,0.20244,0.80739,0,0.87157,0.77579,0.96424,0.82882,0.87157,0.77579,0.96424,0.74874,0.65903,1.07536,0.58169,1.06865,0,0.000478563,0.000478563,0.000478563
577,14149.4,0.23647,0.20403,0.23087,0.82239,0,0.90893,0.74631,0.96403,0.82133,0.90893,0.74631,0.96403,0.74993,0.65444,1.04782,0.57407,1.06637,0,0.000477463,0.000477463,0.000477463
578,14173.9,0.22576,0.18336,0.22074,0.81221,0,0.8591,0.777,0.96371,0.80846,0.8591,0.777,0.96371,0.73704,0.67637,1.07727,0.62416,1.077,0,0.000476363,0.000476363,0.000476363
579,14198.4,0.25121,0.217,0.2274,0.82004,0,0.85229,0.79127,0.88841,0.71695,0.85229,0.79127,0.88841,0.62162,0.68018,1.10463,0.64502,1.08457,0,0.000475264,0.000475264,0.000475264
580,14223,0.26887,0.22667,0.22882,0.82155,0,0.91198,0.73245,0.85975,0.68891,0.91198,0.73245,0.85975,0.61807,0.68416,1.04345,0.64944,1.08788,0,0.000474164,0.000474164,0.000474164
581,14247.5,0.2568,0.19706,0.2663,0.83999,0,0.8949,0.73989,0.89677,0.76295,0.8949,0.73989,0.89677,0.69092,0.67642,1.02438,0.62139,1.08683,0,0.000473064,0.000473064,0.000473064
582,14272,0.24598,0.20788,0.23744,0.80322,0,0.89484,0.73956,0.93742,0.7532,0.89484,0.73956,0.93742,0.67848,0.67355,1.02605,0.60056,1.08501,0,0.000471964,0.000471964,0.000471964
583,14296.5,0.24474,0.21637,0.21986,0.81187,0,0.90465,0.74333,0.92538,0.76192,0.90465,0.74333,0.92538,0.68311,0.67663,1.06818,0.62051,1.08325,0,0.000470864,0.000470864,0.000470864
584,14321,0.22327,0.18811,0.21411,0.80854,0,0.88749,0.76333,0.77608,0.68858,0.88749,0.76333,0.77608,0.60227,0.67748,1.14367,0.63017,1.08665,0,0.000469764,0.000469764,0.000469764
585,14345.6,0.24657,0.26638,0.23584,0.81751,0,0.8965,0.78333,0.77158,0.68246,0.8965,0.78333,0.77158,0.60533,0.67525,1.22116,0.64429,1.09267,0,0.000468664,0.000468664,0.000468664
586,14370.1,0.22775,0.1923,0.20583,0.8065,0,0.89336,0.76381,0.77688,0.6887,0.89336,0.76381,0.77688,0.5801,0.67033,1.2488,0.62172,1.08739,0,0.000467564,0.000467564,0.000467564
587,14394.7,0.22901,0.1843,0.21886,0.82126,0,0.8576,0.78052,0.76817,0.67072,0.8576,0.78052,0.76817,0.56399,0.66742,1.18389,0.59968,1.08235,0,0.000466464,0.000466464,0.000466464
588,14419.2,0.24222,0.21396,0.22162,0.82102,0,0.85696,0.78333,0.76528,0.67251,0.85696,0.78333,0.76528,0.58589,0.67304,1.13033,0.63005,1.09337,0,0.000465365,0.000465365,0.000465365
589,14443.7,0.23436,0.19239,0.22258,0.81137,0,0.86156,0.78333,0.76703,0.67927,0.86156,0.78333,0.76703,0.58519,0.67896,1.08967,0.63623,1.10367,0,0.000464265,0.000464265,0.000464265
590,14468.2,0.23728,0.21355,0.21467,0.81309,0,0.86554,0.77285,0.77103,0.67943,0.86554,0.77285,0.77103,0.59621,0.6823,1.05125,0.64317,1.10507,0,0.000463165,0.000463165,0.000463165
591,14492.7,0.22033,0.17737,0.21091,0.8114,0,0.87111,0.76721,0.77194,0.67885,0.87111,0.76721,0.77194,0.59619,0.66866,0.98012,0.65015,1.08708,0,0.000462065,0.000462065,0.000462065
592,14517.2,0.22224,0.16835,0.20415,0.81261,0,0.89058,0.75956,0.77745,0.69035,0.89058,0.75956,0.77745,0.60935,0.65768,0.96878,0.6548,1.07248,0,0.000460965,0.000460965,0.000460965
593,14541.7,0.23289,0.16685,0.21808,0.81889,0,0.85305,0.788,0.77853,0.68288,0.85305,0.788,0.77853,0.58675,0.65691,1.03247,0.63973,1.07124,0,0.000459865,0.000459865,0.000459865
594,14566.2,0.23815,0.1766,0.21286,0.81796,0,0.85084,0.77529,0.768,0.67872,0.85084,0.77529,0.768,0.59036,0.65085,1.05019,0.64714,1.07383,0,0.000458765,0.000458765,0.000458765
595,14590.7,0.23675,0.19421,0.21007,0.81425,0,0.87419,0.76167,0.79485,0.69806,0.87419,0.76167,0.79485,0.61405,0.64516,1.06849,0.63866,1.06961,0,0.000457665,0.000457665,0.000457665
596,14615.2,0.23168,0.22344,0.22857,0.8249,0,0.87926,0.76029,0.92172,0.78275,0.87926,0.76029,0.92172,0.68519,0.6601,1.0738,0.65775,1.07689,0,0.000456565,0.000456565,0.000456565
597,14639.7,0.24262,0.18023,0.21833,0.82594,0,0.8865,0.76029,0.89789,0.76283,0.8865,0.76029,0.89789,0.67059,0.66305,1.03137,0.62844,1.08115,0,0.000455466,0.000455466,0.000455466
598,14664.2,0.24823,0.19898,0.22278,0.81642,0,0.84639,0.7821,0.89242,0.76614,0.84639,0.7821,0.89242,0.66977,0.65946,1.02705,0.60902,1.07992,0,0.000454366,0.000454366,0.000454366
599,14688.8,0.21664,0.17126,0.20286,0.79979,0,0.76994,0.8,0.9669,0.79808,0.76994,0.8,0.9669,0.7243,0.64709,1.07759,0.60451,1.0668,0,0.000453266,0.000453266,0.000453266
600,14713.3,0.23199,0.16824,0.20527,0.82327,0,0.79224,1,0.96556,0.79481,0.79224,1,0.96556,0.7301,0.65279,1.14275,0.59854,1.06253,0,0.000452166,0.000452166,0.000452166
601,14737.8,0.23221,0.1695,0.21385,0.81313,0,0.85626,0.79348,0.95945,0.78592,0.85626,0.79348,0.95945,0.71977,0.65451,1.19561,0.61209,1.06709,0,0.000451066,0.000451066,0.000451066
602,14762.3,0.23017,0.20373,0.2162,0.82027,0,0.86253,0.79221,0.77255,0.67998,0.86253,0.79221,0.77255,0.58194,0.65633,1.22003,0.66545,1.07678,0,0.000449966,0.000449966,0.000449966
603,14786.8,0.22507,0.21678,0.2051,0.8234,0,0.85984,0.77952,0.75048,0.661,0.85984,0.77952,0.75048,0.56264,0.65285,1.16943,0.67949,1.07883,0,0.000448866,0.000448866,0.000448866
604,14811.3,0.24017,0.19293,0.21773,0.82995,0,0.8928,0.75401,0.75804,0.66105,0.8928,0.75401,0.75804,0.57243,0.65398,1.06244,0.64694,1.07625,0,0.000447766,0.000447766,0.000447766
605,14835.9,0.21619,0.1708,0.21505,0.82218,0,0.84676,0.79717,0.81378,0.71489,0.84676,0.79717,0.81378,0.62861,0.65527,1.01885,0.63954,1.07179,0,0.000446666,0.000446666,0.000446666
606,14860.4,0.21228,0.1491,0.19517,0.80547,0,0.85621,0.8,0.76617,0.6693,0.85621,0.8,0.76617,0.58602,0.66064,1.02684,0.64282,1.07281,0,0.000445567,0.000445567,0.000445567
607,14884.9,0.21901,0.17648,0.22518,0.80552,0,0.85555,0.79377,0.74631,0.6591,0.85555,0.79377,0.74631,0.57429,0.66882,1.11791,0.65825,1.07714,0,0.000444467,0.000444467,0.000444467
608,14909.4,0.22826,0.20171,0.20398,0.82084,0,0.85806,0.79476,0.74503,0.66453,0.85806,0.79476,0.74503,0.57506,0.67431,1.15576,0.65492,1.07826,0,0.000443367,0.000443367,0.000443367
609,14933.9,0.2343,0.18398,0.22589,0.81411,0,0.85522,0.78685,0.75431,0.67155,0.85522,0.78685,0.75431,0.58164,0.66909,1.12702,0.62446,1.07315,0,0.000442267,0.000442267,0.000442267
610,14958.4,0.23248,0.19755,0.21877,0.81631,0,0.85742,0.78211,0.75445,0.66551,0.85742,0.78211,0.75445,0.57929,0.66355,1.05166,0.64015,1.07395,0,0.000441167,0.000441167,0.000441167
611,14982.9,0.25196,0.20117,0.2274,0.82244,0,0.8462,0.79661,0.75968,0.67429,0.8462,0.79661,0.75968,0.58692,0.64806,1.04934,0.66923,1.07472,0,0.000440067,0.000440067,0.000440067
612,15007.5,0.25095,0.18993,0.22933,0.82475,0,0.84899,0.79887,0.748,0.65317,0.84899,0.79887,0.748,0.57498,0.6447,1.05662,0.69752,1.07162,0,0.000438967,0.000438967,0.000438967
613,15032,0.23528,0.17897,0.23045,0.81202,0,0.84991,0.8,0.76061,0.65174,0.84991,0.8,0.76061,0.57473,0.65819,1.07967,0.71588,1.07913,0,0.000437867,0.000437867,0.000437867
614,15056.4,0.21785,0.20621,0.19388,0.81212,0,0.85648,0.79897,0.78653,0.67138,0.85648,0.79897,0.78653,0.58227,0.65935,1.10297,0.64846,1.08099,0,0.000436767,0.000436767,0.000436767
615,15081,0.21867,0.1855,0.20854,0.81112,0,0.92186,0.71915,0.87167,0.73726,0.92186,0.71915,0.87167,0.65979,0.65073,1.08224,0.63446,1.07971,0,0.000435668,0.000435668,0.000435668
616,15105.5,0.23059,0.18662,0.20464,0.81373,0,0.86928,0.78333,0.95676,0.81005,0.86928,0.78333,0.95676,0.72344,0.64966,1.07444,0.62394,1.0788,0,0.000434568,0.000434568,0.000434568
617,15130,0.23495,0.1806,0.21369,0.81242,0,0.87698,0.78333,0.94863,0.77092,0.87698,0.78333,0.94863,0.68175,0.65454,1.17041,0.62834,1.09209,0,0.000433468,0.000433468,0.000433468
618,15154.6,0.22763,0.1714,0.2181,0.80672,0,0.86285,0.78333,0.93975,0.75214,0.86285,0.78333,0.93975,0.67785,0.66826,1.22302,0.62939,1.09941,0,0.000432368,0.000432368,0.000432368
619,15179.1,0.22048,0.18636,0.21524,0.80969,0,0.84209,0.79369,0.94386,0.76361,0.84209,0.79369,0.94386,0.65714,0.65528,1.15704,0.63493,1.08085,0,0.000431268,0.000431268,0.000431268
620,15203.6,0.22062,0.20812,0.20473,0.81453,0,0.80674,0.96314,0.94511,0.74098,0.80674,0.96314,0.94511,0.63786,0.64614,1.07128,0.64063,1.07482,0,0.000430168,0.000430168,0.000430168
621,15228.2,0.21717,0.19746,0.19814,0.81152,0,0.82714,0.95989,0.93787,0.71682,0.82714,0.95989,0.93787,0.63453,0.6545,1.04155,0.63524,1.07703,0,0.000429068,0.000429068,0.000429068
622,15252.7,0.22251,0.18435,0.20797,0.81916,0,0.81488,0.8,0.95228,0.79662,0.81488,0.8,0.95228,0.70998,0.65504,1.07633,0.62502,1.08157,0,0.000427968,0.000427968,0.000427968
623,15277.2,0.22625,0.17873,0.19898,0.81822,0,0.84297,0.8,0.85883,0.73918,0.84297,0.8,0.85883,0.64552,0.65706,1.13076,0.62281,1.08794,0,0.000426868,0.000426868,0.000426868
624,15301.7,0.22093,0.21259,0.21162,0.82367,0,0.85819,0.79125,0.80519,0.68525,0.85819,0.79125,0.80519,0.59241,0.6552,1.16362,0.60909,1.08375,0,0.000425769,0.000425769,0.000425769
625,15326.1,0.22013,0.20246,0.20001,0.80607,0,0.84714,0.8,0.96078,0.73325,0.84714,0.8,0.96078,0.68307,0.65609,1.10512,0.60759,1.08321,0,0.000424669,0.000424669,0.000424669
626,15350.7,0.26323,0.20469,0.24617,0.82387,0,0.84922,0.8,0.96333,0.7699,0.84922,0.8,0.96333,0.68743,0.65912,1.05201,0.60251,1.08995,0,0.000423569,0.000423569,0.000423569
627,15375.1,0.24531,0.20278,0.21512,0.81834,0,0.86343,0.8,0.96561,0.74255,0.86343,0.8,0.96561,0.67783,0.66452,1.02527,0.59672,1.09436,0,0.000422469,0.000422469,0.000422469
628,15399.6,0.2193,0.18878,0.21059,0.81288,0,0.85092,0.8,0.89886,0.7165,0.85092,0.8,0.89886,0.63164,0.67611,1.06212,0.60919,1.10507,0,0.000421369,0.000421369,0.000421369
629,15424.2,0.2303,0.20494,0.20577,0.81896,0,0.87504,0.77115,0.90263,0.72187,0.87504,0.77115,0.90263,0.6362,0.67321,1.08723,0.61942,1.1048,0,0.000420269,0.000420269,0.000420269
630,15448.7,0.21046,0.16769,0.21272,0.81123,0,0.86335,0.78689,0.90517,0.72658,0.86335,0.78689,0.90517,0.64504,0.66033,1.11383,0.63479,1.09323,0,0.000419169,0.000419169,0.000419169
631,15473.2,0.22381,0.1826,0.20997,0.817,0,0.86516,0.77083,0.86924,0.73835,0.86516,0.77083,0.86924,0.66554,0.64695,1.10867,0.62662,1.0863,0,0.000418069,0.000418069,0.000418069
632,15497.8,0.2095,0.15614,0.20118,0.80682,0,0.85284,0.78597,0.88943,0.7636,0.85284,0.78597,0.88943,0.68978,0.65785,1.13268,0.64148,1.09708,0,0.000416969,0.000416969,0.000416969
633,15522.3,0.21845,0.16008,0.1946,0.81074,0,0.76636,0.97724,0.9537,0.82857,0.76636,0.97724,0.9537,0.74234,0.65507,1.12654,0.63161,1.08556,0,0.00041587,0.00041587,0.00041587
634,15546.8,0.21971,0.21013,0.21151,0.81252,0,0.79356,0.98925,0.95706,0.83718,0.79356,0.98925,0.95706,0.76875,0.65138,1.1428,0.60516,1.07473,0,0.00041477,0.00041477,0.00041477
635,15571.3,0.21917,0.18748,0.20431,0.81962,0,0.80728,0.99572,0.95483,0.83976,0.80728,0.99572,0.95483,0.76513,0.65832,1.10018,0.62658,1.07489,0,0.00041367,0.00041367,0.00041367
636,15595.8,0.23214,0.19761,0.21265,0.81989,0,0.87486,0.77217,0.95022,0.82486,0.87486,0.77217,0.95022,0.7547,0.66924,1.04151,0.66025,1.08701,0,0.00041257,0.00041257,0.00041257
637,15620.3,0.22553,0.19432,0.22254,0.81815,0,0.88456,0.76005,0.75117,0.66184,0.88456,0.76005,0.75117,0.57732,0.67246,1.00635,0.67047,1.08995,0,0.00041147,0.00041147,0.00041147
638,15644.8,0.21728,0.17899,0.19509,0.81368,0,0.91393,0.74839,0.76652,0.68201,0.91393,0.74839,0.76652,0.58758,0.671,0.99424,0.62757,1.10633,0,0.00041037,0.00041037,0.00041037
639,15669.3,0.21705,0.23116,0.20031,0.81036,0,0.90156,0.75215,0.7647,0.67919,0.90156,0.75215,0.7647,0.5858,0.66193,0.99211,0.64205,1.09981,0,0.00040927,0.00040927,0.00040927
640,15693.8,0.22605,0.18664,0.20059,0.80961,0,0.901,0.77369,0.76967,0.68276,0.901,0.77369,0.76967,0.5891,0.66606,0.98129,0.65233,1.09685,0,0.00040817,0.00040817,0.00040817
641,15718.3,0.2142,0.19327,0.20733,0.82421,0,0.86976,0.76035,0.76792,0.68398,0.86976,0.76035,0.76792,0.58665,0.64356,0.98976,0.60746,1.07494,0,0.00040707,0.00040707,0.00040707
642,15742.8,0.22243,0.18026,0.20969,0.81933,0,0.89791,0.73703,0.81342,0.70507,0.89791,0.73703,0.81342,0.60814,0.64629,1.02413,0.63104,1.08105,0,0.000405971,0.000405971,0.000405971
643,15767.4,0.24577,0.22692,0.23847,0.8225,0,0.88463,0.75557,0.82229,0.70284,0.88463,0.75557,0.82229,0.61837,0.64232,1.0582,0.61463,1.07354,0,0.000404871,0.000404871,0.000404871
644,15791.9,0.20904,0.21205,0.20326,0.81124,0,0.855,0.757,0.89033,0.73639,0.855,0.757,0.89033,0.64253,0.65592,1.0679,0.60043,1.08502,0,0.000403771,0.000403771,0.000403771
645,15816.4,0.20989,0.17255,0.19026,0.8076,0,0.82663,0.77581,0.9539,0.77756,0.82663,0.77581,0.9539,0.67089,0.66601,1.06194,0.59334,1.09185,0,0.000402671,0.000402671,0.000402671
646,15841,0.21091,0.18003,0.20155,0.80594,0,0.84319,0.78301,0.86027,0.73669,0.84319,0.78301,0.86027,0.64153,0.65717,1.07726,0.61366,1.08884,0,0.000401571,0.000401571,0.000401571
647,15865.5,0.21618,0.1969,0.21027,0.81553,0,0.85403,0.79324,0.76308,0.68164,0.85403,0.79324,0.76308,0.60039,0.65697,1.08672,0.64642,1.09215,0,0.000400471,0.000400471,0.000400471
648,15890.1,0.219,0.19796,0.23202,0.81183,0,0.86017,0.75009,0.7464,0.6655,0.86017,0.75009,0.7464,0.57374,0.67401,1.10451,0.65778,1.10231,0,0.000399371,0.000399371,0.000399371
649,15914.6,0.22162,0.16984,0.21822,0.81316,0,0.85346,0.78262,0.74234,0.65683,0.85346,0.78262,0.74234,0.57611,0.6822,1.11465,0.63257,1.10186,0,0.000398271,0.000398271,0.000398271
650,15939.1,0.214,0.1717,0.20275,0.8089,0,0.86389,0.77902,0.78108,0.69255,0.86389,0.77902,0.78108,0.61274,0.67413,1.10732,0.59243,1.09433,0,0.000397171,0.000397171,0.000397171
651,15963.6,0.22474,0.1684,0.20917,0.81899,0,0.74933,0.98293,0.94332,0.83278,0.74933,0.98293,0.94332,0.75416,0.65908,1.09594,0.60189,1.07404,0,0.000396071,0.000396071,0.000396071
652,15988.1,0.23974,0.27782,0.21899,0.82844,0,0.85931,0.77854,0.95825,0.82823,0.85931,0.77854,0.95825,0.75347,0.66579,1.1497,0.62533,1.0697,0,0.000394972,0.000394972,0.000394972
653,16012.6,0.23603,0.18527,0.22376,0.81227,0,0.85631,0.7828,0.81799,0.7224,0.85631,0.7828,0.81799,0.64308,0.66667,1.17327,0.61836,1.07017,0,0.000393872,0.000393872,0.000393872
654,16037,0.24906,0.21936,0.21511,0.82623,0,0.84946,0.79167,0.75598,0.66742,0.84946,0.79167,0.75598,0.58604,0.67233,1.17737,0.64102,1.07672,0,0.000392772,0.000392772,0.000392772
655,16061.6,0.23798,0.24262,0.21202,0.81991,0,0.85975,0.7901,0.7562,0.67188,0.85975,0.7901,0.7562,0.59019,0.6732,1.13467,0.66269,1.08669,0,0.000391672,0.000391672,0.000391672
656,16086.1,0.20976,0.15565,0.19257,0.81405,0,0.87635,0.7799,0.76588,0.67828,0.87635,0.7799,0.76588,0.59614,0.67121,1.06558,0.63031,1.08714,0,0.000390572,0.000390572,0.000390572
657,16110.6,0.21505,0.19075,0.19853,0.81927,0,0.86821,0.77773,0.77873,0.6852,0.86821,0.77773,0.77873,0.60423,0.66632,1.03999,0.61685,1.08741,0,0.000389472,0.000389472,0.000389472
658,16135.1,0.22571,0.18376,0.22,0.81076,0,0.87571,0.77925,0.77101,0.67843,0.87571,0.77925,0.77101,0.59501,0.66706,1.08644,0.62959,1.09384,0,0.000388372,0.000388372,0.000388372
659,16159.7,0.21478,0.17098,0.1957,0.80404,0,0.85578,0.79167,0.77268,0.67238,0.85578,0.79167,0.77268,0.59566,0.67772,1.124,0.6426,1.10298,0,0.000387272,0.000387272,0.000387272
660,16184.2,0.21081,0.18166,0.20195,0.82029,0,0.86155,0.78504,0.77282,0.67028,0.86155,0.78504,0.77282,0.58253,0.68444,1.15329,0.64867,1.1049,0,0.000386172,0.000386172,0.000386172
661,16208.7,0.22437,0.18975,0.18707,0.80549,0,0.89845,0.75142,0.76951,0.67915,0.89845,0.75142,0.76951,0.58797,0.66984,1.10635,0.62321,1.09231,0,0.000385073,0.000385073,0.000385073
662,16233.2,0.22506,0.19815,0.20531,0.81019,0,0.88079,0.77996,0.76681,0.67393,0.88079,0.77996,0.76681,0.60032,0.66294,1.05796,0.64439,1.08261,0,0.000383973,0.000383973,0.000383973
663,16257.7,0.20268,0.16275,0.20811,0.80523,0,0.87883,0.77526,0.76675,0.67292,0.87883,0.77526,0.76675,0.57942,0.67295,1.05476,0.63561,1.08647,0,0.000382873,0.000382873,0.000382873
664,16282.3,0.20637,0.16704,0.18839,0.81559,0,0.87875,0.77253,0.77556,0.67151,0.87875,0.77253,0.77556,0.58882,0.67628,1.11955,0.61919,1.08723,0,0.000381773,0.000381773,0.000381773
665,16306.7,0.20686,0.17556,0.19952,0.80843,0,0.8981,0.78404,0.76583,0.67833,0.8981,0.78404,0.76583,0.57859,0.67838,1.19688,0.6077,1.08492,0,0.000380673,0.000380673,0.000380673
666,16331.3,0.18944,0.16576,0.18492,0.8118,0,0.90358,0.78333,0.76395,0.67736,0.90358,0.78333,0.76395,0.59852,0.6786,1.20908,0.62543,1.08847,0,0.000379573,0.000379573,0.000379573
667,16355.8,0.20054,0.14911,0.18563,0.80357,0,0.89772,0.78333,0.77735,0.6879,0.89772,0.78333,0.77735,0.58783,0.68879,1.22624,0.64754,1.1014,0,0.000378473,0.000378473,0.000378473
668,16380.3,0.22416,0.16663,0.19334,0.81239,0,0.89149,0.78333,0.77626,0.67582,0.89149,0.78333,0.77626,0.5874,0.68118,1.23321,0.62674,1.09655,0,0.000377373,0.000377373,0.000377373
669,16404.8,0.20147,0.16443,0.19134,0.81103,0,0.90018,0.78356,0.82242,0.71077,0.90018,0.78356,0.82242,0.62841,0.66957,1.21885,0.63859,1.09183,0,0.000376273,0.000376273,0.000376273
670,16429.3,0.20978,0.15068,0.20259,0.81164,0,0.90132,0.78424,0.82075,0.70885,0.90132,0.78424,0.82075,0.62757,0.67084,1.20545,0.647,1.09224,0,0.000375174,0.000375174,0.000375174
671,16453.8,0.20476,0.16939,0.18765,0.80623,0,0.89764,0.78119,0.81317,0.69887,0.89764,0.78119,0.81317,0.61213,0.67631,1.19272,0.64385,1.09317,0,0.000374074,0.000374074,0.000374074
672,16478.3,0.20493,0.154,0.19546,0.80491,0,0.89076,0.78333,0.77033,0.67129,0.89076,0.78333,0.77033,0.56497,0.68926,1.19323,0.64262,1.10006,0,0.000372974,0.000372974,0.000372974
673,16502.8,0.21065,0.18558,0.20616,0.81835,0,0.91449,0.75667,0.76866,0.66155,0.91449,0.75667,0.76866,0.56497,0.67871,1.20676,0.6385,1.09314,0,0.000371874,0.000371874,0.000371874
674,16527.3,0.2192,0.22704,0.22125,0.83054,0,0.92017,0.77956,0.77507,0.66245,0.92017,0.77956,0.77507,0.59076,0.67754,1.19617,0.64583,1.08913,0,0.000370774,0.000370774,0.000370774
675,16551.8,0.21055,0.19838,0.19945,0.81677,0,0.89602,0.75684,0.85207,0.72194,0.89602,0.75684,0.85207,0.64119,0.67492,1.1543,0.62462,1.08009,0,0.000369674,0.000369674,0.000369674
676,16576.3,0.21889,0.14551,0.204,0.81819,0,0.85706,0.78106,0.89333,0.74564,0.85706,0.78106,0.89333,0.67088,0.67005,1.13813,0.60183,1.07314,0,0.000368574,0.000368574,0.000368574
677,16600.8,0.20786,0.14915,0.20556,0.81002,0,0.85764,0.78253,0.89237,0.7418,0.85764,0.78253,0.89237,0.66694,0.68202,1.17932,0.61268,1.08292,0,0.000367474,0.000367474,0.000367474
678,16625.3,0.21666,0.16333,0.19437,0.8078,0,0.85705,0.78705,0.76314,0.65702,0.85705,0.78705,0.76314,0.5722,0.68998,1.22499,0.63941,1.09558,0,0.000366374,0.000366374,0.000366374
679,16649.8,0.20752,0.1739,0.19131,0.80684,0,0.86984,0.76617,0.75098,0.66221,0.86984,0.76617,0.75098,0.56245,0.68306,1.22812,0.6608,1.09207,0,0.000365275,0.000365275,0.000365275
680,16674.4,0.21094,0.1698,0.18823,0.80384,0,0.87941,0.75323,0.75773,0.6555,0.87941,0.75323,0.75773,0.56922,0.67858,1.21652,0.6389,1.08277,0,0.000364175,0.000364175,0.000364175
681,16698.9,0.2145,0.21916,0.2194,0.81138,0,0.89521,0.73587,0.79455,0.6771,0.89521,0.73587,0.79455,0.59358,0.68876,1.25128,0.64015,1.0897,0,0.000363075,0.000363075,0.000363075
682,16723.4,0.21219,0.16445,0.19048,0.8097,0,0.89529,0.735,0.79482,0.68698,0.89529,0.735,0.79482,0.5919,0.68308,1.21017,0.64181,1.08839,0,0.000361975,0.000361975,0.000361975
683,16747.9,0.21151,0.17413,0.18683,0.81586,0,0.90161,0.75311,0.78027,0.67857,0.90161,0.75311,0.78027,0.59269,0.67198,1.15042,0.63183,1.0782,0,0.000360875,0.000360875,0.000360875
684,16772.4,0.20536,0.1644,0.18693,0.80064,0,0.91424,0.77731,0.77585,0.682,0.91424,0.77731,0.77585,0.60054,0.67129,1.14267,0.61006,1.07203,0,0.000359775,0.000359775,0.000359775
685,16797,0.20129,0.15163,0.1866,0.81023,0,0.90866,0.78333,0.77784,0.67272,0.90866,0.78333,0.77784,0.57556,0.67737,1.20026,0.59877,1.07844,0,0.000358675,0.000358675,0.000358675
686,16821.5,0.21209,0.16523,0.19806,0.81186,0,0.90494,0.78333,0.83476,0.72306,0.90494,0.78333,0.83476,0.63238,0.67669,1.23941,0.59429,1.08455,0,0.000357575,0.000357575,0.000357575
687,16845.9,0.20428,0.14833,0.29887,0.80922,0,0.92663,0.76713,0.9257,0.79958,0.92663,0.76713,0.9257,0.7337,0.67093,1.18357,0.58506,1.07582,0,0.000356475,0.000356475,0.000356475
688,16870.5,0.20774,0.17,0.19812,0.81302,0,0.92084,0.77838,0.86666,0.75842,0.92084,0.77838,0.86666,0.67763,0.67066,1.17417,0.56013,1.07653,0,0.000355376,0.000355376,0.000355376
689,16895,0.18933,0.15205,0.19803,0.79719,0,0.92355,0.76096,0.8502,0.73505,0.92355,0.76096,0.8502,0.65191,0.67415,1.21425,0.59409,1.07592,0,0.000354276,0.000354276,0.000354276
690,16919.6,0.19463,0.16393,0.18491,0.8088,0,0.91184,0.77724,0.83503,0.71486,0.91184,0.77724,0.83503,0.63888,0.67775,1.24784,0.63028,1.07389,0,0.000353176,0.000353176,0.000353176
691,16944.1,0.2013,0.21264,0.19169,0.81591,0,0.89662,0.77323,0.82406,0.69922,0.89662,0.77323,0.82406,0.615,0.67744,1.24419,0.64389,1.07644,0,0.000352076,0.000352076,0.000352076
692,16968.6,0.18998,0.17181,0.18271,0.80788,0,0.91814,0.74704,0.82083,0.69484,0.91814,0.74704,0.82083,0.60715,0.68805,1.1944,0.64362,1.09012,0,0.000350976,0.000350976,0.000350976
693,16993.1,0.20319,0.15832,0.18614,0.81082,0,0.92824,0.76333,0.81981,0.6927,0.92824,0.76333,0.81981,0.6037,0.69002,1.15696,0.63151,1.09139,0,0.000349876,0.000349876,0.000349876
694,17017.6,0.22185,0.20998,0.22805,0.81892,0,0.92331,0.7804,0.80877,0.68307,0.92331,0.7804,0.80877,0.60761,0.69094,1.16116,0.62181,1.09418,0,0.000348776,0.000348776,0.000348776
695,17042.1,0.20163,0.18077,0.18342,0.80195,0,0.9278,0.76996,0.77738,0.66903,0.9278,0.76996,0.77738,0.58604,0.68493,1.14608,0.62211,1.0865,0,0.000347676,0.000347676,0.000347676
696,17066.6,0.20473,0.14086,0.21719,0.81819,0,0.8933,0.76137,0.79698,0.6692,0.8933,0.76137,0.79698,0.58326,0.67645,1.1462,0.6271,1.07801,0,0.000346576,0.000346576,0.000346576
697,17091.1,0.19206,0.15447,0.19115,0.79419,0,0.89938,0.76015,0.82189,0.7022,0.89938,0.76015,0.82189,0.62014,0.66016,1.18203,0.60691,1.07014,0,0.000345477,0.000345477,0.000345477
698,17115.7,0.19632,0.15445,0.19096,0.81003,0,0.90596,0.75123,0.81417,0.6927,0.90596,0.75123,0.81417,0.62124,0.64638,1.20264,0.57449,1.071,0,0.000344377,0.000344377,0.000344377
699,17140.1,0.2042,0.1842,0.19457,0.80526,0,0.90824,0.76031,0.7823,0.68817,0.90824,0.76031,0.7823,0.59756,0.64597,1.20382,0.59565,1.07353,0,0.000343277,0.000343277,0.000343277
700,17164.6,0.22036,0.16164,0.19025,0.80351,0,0.89422,0.78687,0.81686,0.69034,0.89422,0.78687,0.81686,0.60926,0.65598,1.22475,0.6269,1.08145,0,0.000342177,0.000342177,0.000342177
701,17189.2,0.21254,0.1628,0.19768,0.80198,0,0.89771,0.7893,0.83121,0.69022,0.89771,0.7893,0.83121,0.60348,0.65638,1.22805,0.63085,1.08328,0,0.000341077,0.000341077,0.000341077
702,17213.7,0.19926,0.20369,0.19174,0.81493,0,0.90619,0.74072,0.81063,0.67737,0.90619,0.74072,0.81063,0.58209,0.66008,1.19941,0.62064,1.08849,0,0.000339977,0.000339977,0.000339977
703,17238.2,0.20304,0.20274,0.19457,0.80898,0,0.89364,0.74116,0.76954,0.66453,0.89364,0.74116,0.76954,0.56891,0.65407,1.09774,0.6379,1.08175,0,0.000338877,0.000338877,0.000338877
704,17262.7,0.1928,0.15885,0.17752,0.79516,0,0.89222,0.74038,0.80414,0.69007,0.89222,0.74038,0.80414,0.59598,0.63967,0.99653,0.64102,1.06705,0,0.000337777,0.000337777,0.000337777
705,17287.2,0.20611,0.16136,0.19526,0.82063,0,0.89426,0.7802,0.81956,0.70249,0.89426,0.7802,0.81956,0.61254,0.63579,1.01811,0.63826,1.0611,0,0.000336677,0.000336677,0.000336677
706,17311.8,0.19598,0.16668,0.18242,0.80892,0,0.89725,0.78123,0.77008,0.68679,0.89725,0.78123,0.77008,0.59708,0.64496,1.12866,0.62399,1.06796,0,0.000335578,0.000335578,0.000335578
707,17336.3,0.19995,0.16718,0.18447,0.81312,0,0.89955,0.77416,0.77382,0.68921,0.89955,0.77416,0.77382,0.60933,0.65004,1.20063,0.6234,1.06994,0,0.000334478,0.000334478,0.000334478
708,17360.8,0.19887,0.17663,0.19263,0.8071,0,0.87736,0.74203,0.76707,0.68254,0.87736,0.74203,0.76707,0.58944,0.65788,1.21387,0.6452,1.07208,0,0.000333378,0.000333378,0.000333378
709,17385.3,0.19866,0.17565,0.19866,0.80837,0,0.8755,0.75483,0.76586,0.68171,0.8755,0.75483,0.76586,0.58232,0.66228,1.18599,0.64435,1.07402,0,0.000332278,0.000332278,0.000332278
710,17409.8,0.1906,0.17908,0.18768,0.79917,0,0.84423,0.77571,0.78871,0.6985,0.84423,0.77571,0.78871,0.59967,0.66383,1.15219,0.6274,1.07653,0,0.000331178,0.000331178,0.000331178
711,17434.3,0.19504,0.17176,0.1727,0.80834,0,0.84607,0.77671,0.79023,0.698,0.84607,0.77671,0.79023,0.60687,0.66766,1.1262,0.61628,1.08406,0,0.000330078,0.000330078,0.000330078
712,17458.9,0.20768,0.17625,0.19444,0.81405,0,0.87126,0.76039,0.83899,0.73778,0.87126,0.76039,0.83899,0.63989,0.67193,1.11846,0.60876,1.08966,0,0.000328978,0.000328978,0.000328978
713,17483.5,0.19903,0.14539,0.1788,0.8017,0,0.85709,0.76956,0.88332,0.77788,0.85709,0.76956,0.88332,0.6814,0.68089,1.11542,0.61483,1.0976,0,0.000327878,0.000327878,0.000327878
714,17508,0.18807,0.1654,0.17389,0.8033,0,0.83344,0.77167,0.79778,0.70639,0.83344,0.77167,0.79778,0.61119,0.67786,1.1263,0.62497,1.10246,0,0.000326778,0.000326778,0.000326778
715,17532.5,0.18531,0.16491,0.18143,0.81419,0,0.83825,0.79167,0.75691,0.67517,0.83825,0.79167,0.75691,0.57172,0.67708,1.16319,0.63346,1.1065,0,0.000325679,0.000325679,0.000325679
716,17557,0.20324,0.21727,0.18874,0.8087,0,0.85801,0.79167,0.77699,0.69244,0.85801,0.79167,0.77699,0.58538,0.6739,1.16631,0.63824,1.10541,0,0.000324579,0.000324579,0.000324579
717,17581.5,0.19674,0.13888,0.18653,0.81177,0,0.86306,0.79167,0.76302,0.68085,0.86306,0.79167,0.76302,0.57677,0.66711,1.14335,0.63467,1.09801,0,0.000323479,0.000323479,0.000323479
718,17606,0.2112,0.16619,0.19103,0.81532,0,0.86589,0.7719,0.76231,0.67693,0.86589,0.7719,0.76231,0.58425,0.65961,1.0949,0.61121,1.08818,0,0.000322379,0.000322379,0.000322379
719,17630.6,0.20728,0.14837,0.19074,0.80886,0,0.84667,0.78015,0.76192,0.67293,0.84667,0.78015,0.76192,0.57107,0.66587,1.06783,0.60328,1.09028,0,0.000321279,0.000321279,0.000321279
720,17655.1,0.18931,0.14705,0.18304,0.81677,0,0.84162,0.78505,0.76192,0.67767,0.84162,0.78505,0.76192,0.57832,0.66957,1.08456,0.60639,1.09534,0,0.000320179,0.000320179,0.000320179
721,17679.6,0.20229,0.16132,0.19259,0.81245,0,0.89258,0.73403,0.7558,0.66749,0.89258,0.73403,0.7558,0.57625,0.6758,1.1202,0.60882,1.10172,0,0.000319079,0.000319079,0.000319079
722,17704.1,0.20049,0.16158,0.17897,0.80573,0,0.90285,0.7449,0.75837,0.66936,0.90285,0.7449,0.75837,0.58916,0.67661,1.13124,0.61508,1.09893,0,0.000317979,0.000317979,0.000317979
723,17728.6,0.21578,0.18081,0.19986,0.82402,0,0.86087,0.79167,0.76279,0.66905,0.86087,0.79167,0.76279,0.57659,0.67575,1.11123,0.62722,1.09396,0,0.000316879,0.000316879,0.000316879
724,17753.1,0.20509,0.18213,0.18355,0.80861,0,0.86618,0.78333,0.76362,0.6611,0.86618,0.78333,0.76362,0.57598,0.67579,1.05923,0.6216,1.093,0,0.00031578,0.00031578,0.00031578
725,17777.6,0.18527,0.15749,0.17562,0.79861,0,0.88915,0.78507,0.77238,0.67706,0.88915,0.78507,0.77238,0.59187,0.67146,1.0261,0.62767,1.08884,0,0.00031468,0.00031468,0.00031468
726,17802.2,0.20099,0.17301,0.18942,0.78566,0,0.88858,0.7717,0.76653,0.66857,0.88858,0.7717,0.76653,0.58467,0.6663,1.01718,0.62936,1.07991,0,0.00031358,0.00031358,0.00031358
727,17826.7,0.19175,0.16182,0.17951,0.80445,0,0.8682,0.78333,0.76549,0.66522,0.8682,0.78333,0.76549,0.58282,0.66358,1.00062,0.6311,1.07634,0,0.00031248,0.00031248,0.00031248
728,17851.2,0.20978,0.14784,0.19737,0.81093,0,0.86478,0.77447,0.75959,0.67406,0.86478,0.77447,0.75959,0.57658,0.66475,0.99926,0.62246,1.07562,0,0.00031138,0.00031138,0.00031138
729,17875.7,0.18939,0.15674,0.17328,0.8067,0,0.86585,0.775,0.75721,0.67201,0.86585,0.775,0.75721,0.57336,0.66411,1.03656,0.63096,1.07558,0,0.00031028,0.00031028,0.00031028
730,17900.2,0.21798,0.18808,0.19845,0.81454,0,0.85914,0.77667,0.85571,0.74682,0.85914,0.77667,0.85571,0.65749,0.66138,1.09793,0.63081,1.07512,0,0.00030918,0.00030918,0.00030918
731,17924.7,0.20251,0.16813,0.17803,0.8039,0,0.86674,0.78333,0.90779,0.75782,0.86674,0.78333,0.90779,0.69739,0.65297,1.11064,0.60792,1.07566,0,0.00030808,0.00030808,0.00030808
732,17949.2,0.2367,0.17346,0.1866,0.80073,0,0.78882,0.8,0.92525,0.77051,0.78882,0.8,0.92525,0.71406,0.65204,1.11804,0.59405,1.07571,0,0.00030698,0.00030698,0.00030698
733,17973.7,0.20818,0.1511,0.18774,0.82685,0,0.8743,0.78333,0.90702,0.76416,0.8743,0.78333,0.90702,0.69704,0.64941,1.1042,0.59718,1.0747,0,0.000305881,0.000305881,0.000305881
734,17998.2,0.17875,0.13255,0.16363,0.77903,0,0.8702,0.79167,0.791,0.69781,0.8702,0.79167,0.791,0.60694,0.65036,1.11483,0.61119,1.0755,0,0.000304781,0.000304781,0.000304781
735,18022.8,0.20216,0.16726,0.17824,0.8213,0,0.85705,0.79167,0.74602,0.66132,0.85705,0.79167,0.74602,0.57422,0.66569,1.14969,0.64211,1.08808,0,0.000303681,0.000303681,0.000303681
736,18047.2,0.20247,0.15661,0.18106,0.81413,0,0.85397,0.7739,0.74868,0.66462,0.85397,0.7739,0.74868,0.5705,0.67605,1.17536,0.65986,1.09679,0,0.000302581,0.000302581,0.000302581
737,18071.8,0.20529,0.18299,0.18437,0.81062,0,0.87743,0.73038,0.76026,0.67347,0.87743,0.73038,0.76026,0.57871,0.68376,1.15569,0.67048,1.09458,0,0.000301481,0.000301481,0.000301481
738,18096.3,0.18045,0.17203,0.1622,0.79127,0,0.89944,0.73718,0.75632,0.6691,0.89944,0.73718,0.75632,0.58178,0.6743,1.12779,0.66136,1.07575,0,0.000300381,0.000300381,0.000300381
739,18120.8,0.19823,0.15305,0.18662,0.81396,0,0.91016,0.71949,0.74913,0.66484,0.91016,0.71949,0.74913,0.57484,0.66982,1.1256,0.64049,1.07302,0,0.000299281,0.000299281,0.000299281
740,18145.3,0.21142,0.20205,0.19262,0.82137,0,0.91652,0.72333,0.7695,0.67232,0.91652,0.72333,0.7695,0.57761,0.675,1.1446,0.63733,1.08286,0,0.000298181,0.000298181,0.000298181
741,18169.8,0.17679,0.14465,0.1675,0.79527,0,0.91759,0.72921,0.77444,0.67565,0.91759,0.72921,0.77444,0.58089,0.67007,1.15334,0.63179,1.08212,0,0.000297081,0.000297081,0.000297081
742,18194.4,0.22176,0.14707,0.22376,0.82901,0,0.90662,0.74333,0.75828,0.66684,0.90662,0.74333,0.75828,0.57417,0.66763,1.17109,0.6335,1.08429,0,0.000295982,0.000295982,0.000295982
743,18218.9,0.19769,0.15934,0.17298,0.8099,0,0.89187,0.7503,0.76459,0.67569,0.89187,0.7503,0.76459,0.58789,0.67122,1.18474,0.64561,1.0925,0,0.000294882,0.000294882,0.000294882
744,18243.4,0.18941,0.1873,0.16234,0.80874,0,0.8837,0.76333,0.90413,0.76142,0.8837,0.76333,0.90413,0.68047,0.67149,1.18781,0.62783,1.09407,0,0.000293782,0.000293782,0.000293782
745,18267.9,0.19599,0.14274,0.18046,0.8036,0,0.88822,0.76333,0.8149,0.71349,0.88822,0.76333,0.8149,0.6302,0.67563,1.18008,0.61804,1.09792,0,0.000292682,0.000292682,0.000292682
746,18292.4,0.19779,0.15107,0.18492,0.80804,0,0.91768,0.76333,0.76471,0.66048,0.91768,0.76333,0.76471,0.58714,0.67304,1.16737,0.62218,1.09935,0,0.000291582,0.000291582,0.000291582
747,18316.9,0.18863,0.16788,0.16744,0.80126,0,0.91316,0.76333,0.76123,0.66995,0.91316,0.76333,0.76123,0.58244,0.66672,1.16858,0.62516,1.09709,0,0.000290482,0.000290482,0.000290482
748,18341.4,0.18167,0.16068,0.17237,0.80688,0,0.90835,0.75518,0.75851,0.65343,0.90835,0.75518,0.75851,0.57025,0.66652,1.18787,0.63166,1.10423,0,0.000289382,0.000289382,0.000289382
749,18365.9,0.19571,0.19251,0.17565,0.81401,0,0.90829,0.74261,0.75441,0.65296,0.90829,0.74261,0.75441,0.56788,0.66997,1.20756,0.64132,1.10868,0,0.000288282,0.000288282,0.000288282
750,18390.4,0.19509,0.19929,0.18306,0.79639,0,0.8976,0.74087,0.77914,0.6886,0.8976,0.74087,0.77914,0.59019,0.66718,1.16107,0.65801,1.1049,0,0.000287182,0.000287182,0.000287182
751,18415,0.19107,0.14662,0.17746,0.81133,0,0.90078,0.74135,0.80377,0.71178,0.90078,0.74135,0.80377,0.63175,0.66155,1.11381,0.65357,1.09865,0,0.000286083,0.000286083,0.000286083
752,18439.6,0.20248,0.18434,0.18967,0.81165,0,0.87923,0.74333,0.76191,0.67534,0.87923,0.74333,0.76191,0.58308,0.66837,1.12411,0.6606,1.10523,0,0.000284983,0.000284983,0.000284983
753,18464.1,0.19461,0.16306,0.19062,0.80058,0,0.87531,0.72836,0.7646,0.67277,0.87531,0.72836,0.7646,0.58098,0.68095,1.18702,0.6932,1.1147,0,0.000283883,0.000283883,0.000283883
754,18488.6,0.18593,0.13503,0.1658,0.81244,0,0.85217,0.72188,0.74182,0.63769,0.85217,0.72188,0.74182,0.5632,0.67908,1.25776,0.71602,1.11371,0,0.000282783,0.000282783,0.000282783
755,18513.1,0.19614,0.15109,0.20015,0.80979,0,0.86302,0.74,0.74749,0.65866,0.86302,0.74,0.74749,0.56696,0.66709,1.31928,0.70659,1.1041,0,0.000281683,0.000281683,0.000281683
756,18537.7,0.19811,0.1792,0.18906,0.80701,0,0.86424,0.735,0.79604,0.67991,0.86424,0.735,0.79604,0.58334,0.66387,1.32432,0.68378,1.09676,0,0.000280583,0.000280583,0.000280583
757,18562.2,0.19356,0.13655,0.18857,0.79877,0,0.86144,0.735,0.80265,0.68491,0.86144,0.735,0.80265,0.58965,0.66367,1.28275,0.67448,1.09642,0,0.000279483,0.000279483,0.000279483
758,18586.7,0.17709,0.15246,0.16363,0.80645,0,0.83928,0.75167,0.77848,0.6598,0.83928,0.75167,0.77848,0.56613,0.67232,1.19726,0.69033,1.11052,0,0.000278383,0.000278383,0.000278383
759,18611.2,0.18874,0.15136,0.17797,0.8038,0,0.60283,0.85167,0.80353,0.66427,0.60283,0.85167,0.80353,0.57732,0.6739,1.15066,0.73166,1.11716,0,0.000277283,0.000277283,0.000277283
760,18635.7,0.19716,0.20306,0.18621,0.81273,0,0.7521,0.96474,0.93115,0.7314,0.7521,0.96474,0.93115,0.67463,0.667,1.12733,0.71695,1.10838,0,0.000276183,0.000276183,0.000276183
761,18660.3,0.20248,0.17906,0.18757,0.80724,0,0.787,0.97151,0.94603,0.83167,0.787,0.97151,0.94603,0.75565,0.67003,1.11025,0.67433,1.10712,0,0.000275084,0.000275084,0.000275084
762,18684.9,0.19244,0.17312,0.18146,0.80726,0,0.79017,0.98245,0.95047,0.82474,0.79017,0.98245,0.95047,0.75763,0.67365,1.09598,0.65363,1.11148,0,0.000273984,0.000273984,0.000273984
763,18709.4,0.17316,0.14396,0.16261,0.79581,0,0.80554,0.97469,0.95149,0.82395,0.80554,0.97469,0.95149,0.76748,0.67361,1.07948,0.65036,1.11165,0,0.000272884,0.000272884,0.000272884
764,18733.9,0.19559,0.14327,0.17865,0.81124,0,0.80377,0.96184,0.95142,0.82714,0.80377,0.96184,0.95142,0.75563,0.6702,1.11938,0.65399,1.10834,0,0.000271784,0.000271784,0.000271784
765,18758.5,0.18434,0.17265,0.1841,0.79553,0,0.80125,0.91724,0.94915,0.83033,0.80125,0.91724,0.94915,0.75816,0.66465,1.17371,0.65236,1.10573,0,0.000270684,0.000270684,0.000270684
766,18783,0.18613,0.19912,0.17254,0.80518,0,0.76491,0.8,0.95217,0.83553,0.76491,0.8,0.95217,0.76764,0.66127,1.23535,0.65399,1.103,0,0.000269584,0.000269584,0.000269584
767,18807.5,0.19279,0.13923,0.19389,0.80694,0,0.846,0.78668,0.90426,0.7968,0.846,0.78668,0.90426,0.72445,0.65904,1.23784,0.656,1.09875,0,0.000268484,0.000268484,0.000268484
768,18832,0.18218,0.15586,0.18181,0.79974,0,0.8491,0.78623,0.89323,0.78001,0.8491,0.78623,0.89323,0.71587,0.66171,1.21613,0.66112,1.09976,0,0.000267384,0.000267384,0.000267384
769,18856.5,0.19227,0.1606,0.18142,0.80826,0,0.85419,0.78944,0.77426,0.68388,0.85419,0.78944,0.77426,0.61149,0.66359,1.19658,0.66996,1.10305,0,0.000266284,0.000266284,0.000266284
770,18881.1,0.18184,0.18998,0.17309,0.80172,0,0.85547,0.79085,0.76693,0.67566,0.85547,0.79085,0.76693,0.59607,0.67228,1.21321,0.6808,1.1099,0,0.000265185,0.000265185,0.000265185
771,18905.6,0.18752,0.15057,0.16823,0.80913,0,0.84354,0.78333,0.76265,0.67246,0.84354,0.78333,0.76265,0.59214,0.67958,1.20839,0.69017,1.1162,0,0.000264085,0.000264085,0.000264085
772,18930.1,0.18256,0.14444,0.16437,0.80499,0,0.84168,0.78324,0.74745,0.66158,0.84168,0.78324,0.74745,0.571,0.68535,1.22127,0.69239,1.11514,0,0.000262985,0.000262985,0.000262985
773,18954.6,0.19375,0.18061,0.18329,0.81394,0,0.81931,0.7876,0.73826,0.65133,0.81931,0.7876,0.73826,0.56878,0.6815,1.21204,0.68494,1.11017,0,0.000261885,0.000261885,0.000261885
774,18979.1,0.18739,0.17309,0.17771,0.8201,0,0.87863,0.70333,0.73385,0.64524,0.87863,0.70333,0.73385,0.5747,0.67895,1.21524,0.68299,1.10358,0,0.000260785,0.000260785,0.000260785
775,19003.6,0.18877,0.18885,0.17773,0.80319,0,0.84671,0.74154,0.73994,0.65436,0.84671,0.74154,0.73994,0.57835,0.67439,1.2285,0.68714,1.10406,0,0.000259685,0.000259685,0.000259685
776,19028.2,0.17171,0.16839,0.20431,0.78912,0,0.85538,0.76333,0.79674,0.69749,0.85538,0.76333,0.79674,0.614,0.67783,1.23485,0.6895,1.10689,0,0.000258585,0.000258585,0.000258585
777,19052.7,0.18175,0.15613,0.16259,0.80264,0,0.86032,0.76333,0.76006,0.67383,0.86032,0.76333,0.76006,0.58866,0.68515,1.20807,0.67579,1.10852,0,0.000257485,0.000257485,0.000257485
778,19077.2,0.19137,0.16486,0.17769,0.80819,0,0.85698,0.75311,0.761,0.67523,0.85698,0.75311,0.761,0.59209,0.68459,1.17686,0.68547,1.10493,0,0.000256385,0.000256385,0.000256385
779,19101.7,0.18943,0.17379,0.18372,0.80885,0,0.85261,0.78592,0.75968,0.66801,0.85261,0.78592,0.75968,0.59134,0.68505,1.19776,0.68527,1.10763,0,0.000255286,0.000255286,0.000255286
780,19126.2,0.19317,0.16508,0.19002,0.78548,0,0.84031,0.78871,0.77336,0.67833,0.84031,0.78871,0.77336,0.59824,0.68417,1.24099,0.66675,1.11248,0,0.000254186,0.000254186,0.000254186
781,19150.7,0.19043,0.185,0.18694,0.80947,0,0.83834,0.79167,0.81046,0.71029,0.83834,0.79167,0.81046,0.63007,0.68207,1.26541,0.66176,1.11445,0,0.000253086,0.000253086,0.000253086
782,19175.2,0.18521,0.14556,0.17163,0.81209,0,0.83762,0.79167,0.82249,0.71212,0.83762,0.79167,0.82249,0.64974,0.67517,1.24844,0.65698,1.10847,0,0.000251986,0.000251986,0.000251986
783,19199.8,0.17252,0.15826,0.16237,0.80088,0,0.83272,0.78577,0.81738,0.7104,0.83272,0.78577,0.81738,0.64674,0.66952,1.24495,0.63923,1.1025,0,0.000250886,0.000250886,0.000250886
784,19224.3,0.18043,0.14683,0.18015,0.82078,0,0.83111,0.77167,0.81528,0.71283,0.83111,0.77167,0.81528,0.63971,0.66165,1.21838,0.64099,1.09608,0,0.000249786,0.000249786,0.000249786
785,19248.8,0.18339,0.16764,0.18429,0.80647,0,0.85155,0.76431,0.77275,0.68123,0.85155,0.76431,0.77275,0.59243,0.66092,1.19537,0.64127,1.09456,0,0.000248686,0.000248686,0.000248686
786,19273.3,0.18288,0.14906,0.16539,0.80398,0,0.83386,0.76333,0.773,0.67883,0.83386,0.76333,0.773,0.59054,0.6619,1.16821,0.63842,1.09287,0,0.000247586,0.000247586,0.000247586
787,19297.8,0.17919,0.14026,0.16338,0.80602,0,0.88752,0.70261,0.75638,0.66524,0.88752,0.70261,0.75638,0.5818,0.66781,1.17894,0.64915,1.09434,0,0.000246486,0.000246486,0.000246486
788,19322.4,0.18365,0.18541,0.16342,0.79507,0,0.8341,0.78845,0.75534,0.65506,0.8341,0.78845,0.75534,0.58104,0.6667,1.18935,0.64442,1.09132,0,0.000245387,0.000245387,0.000245387
789,19346.9,0.17097,0.14409,0.1624,0.80909,0,0.85266,0.76631,0.74877,0.64997,0.85266,0.76631,0.74877,0.57579,0.66797,1.2024,0.63083,1.09165,0,0.000244287,0.000244287,0.000244287
790,19371.4,0.17328,0.16194,0.1569,0.80322,0,0.85721,0.75171,0.74767,0.65362,0.85721,0.75171,0.74767,0.57195,0.67019,1.20462,0.63879,1.0918,0,0.000243187,0.000243187,0.000243187
791,19395.9,0.18804,0.17401,0.1766,0.80305,0,0.85454,0.75104,0.75007,0.65934,0.85454,0.75104,0.75007,0.58078,0.67138,1.20644,0.65329,1.09416,0,0.000242087,0.000242087,0.000242087
792,19420.4,0.19458,0.15178,0.18328,0.8169,0,0.85069,0.76825,0.7538,0.6651,0.85069,0.76825,0.7538,0.59462,0.6704,1.20138,0.6501,1.09404,0,0.000240987,0.000240987,0.000240987
793,19445,0.17716,0.1773,0.15841,0.79641,0,0.86159,0.75072,0.74914,0.6595,0.86159,0.75072,0.74914,0.57719,0.67881,1.20109,0.66082,1.10258,0,0.000239887,0.000239887,0.000239887
794,19469.5,0.17189,0.14774,0.16239,0.78041,0,0.8623,0.74789,0.75132,0.66087,0.8623,0.74789,0.75132,0.5754,0.68697,1.2034,0.66477,1.10997,0,0.000238787,0.000238787,0.000238787
795,19494,0.18836,0.15361,0.18126,0.79042,0,0.85538,0.74831,0.82075,0.71389,0.85538,0.74831,0.82075,0.63977,0.67252,1.163,0.66099,1.09765,0,0.000237687,0.000237687,0.000237687
796,19518.5,0.1703,0.15247,0.1526,0.8003,0,0.84866,0.7676,0.89911,0.78706,0.84866,0.7676,0.89911,0.71145,0.66249,1.171,0.66149,1.08879,0,0.000236587,0.000236587,0.000236587
797,19543.1,0.17689,0.14953,0.16008,0.79949,0,0.84915,0.74905,0.94991,0.8326,0.84915,0.74905,0.94991,0.75247,0.66487,1.20277,0.67425,1.08529,0,0.000235488,0.000235488,0.000235488
798,19567.6,0.17046,0.14432,0.15424,0.8018,0,0.84732,0.74853,0.94604,0.82843,0.84732,0.74853,0.94604,0.74557,0.67287,1.25161,0.68474,1.09311,0,0.000234388,0.000234388,0.000234388
799,19592.1,0.16808,0.13332,0.1582,0.80137,0,0.76153,0.78151,0.93747,0.8077,0.76153,0.78151,0.93747,0.73794,0.67422,1.29699,0.69442,1.09771,0,0.000233288,0.000233288,0.000233288
800,19616.6,0.17934,0.15151,0.16048,0.81177,0,0.84818,0.74979,0.8769,0.76629,0.84818,0.74979,0.8769,0.69311,0.67119,1.30417,0.69201,1.09877,0,0.000232188,0.000232188,0.000232188
801,19641.1,0.16295,0.15154,0.15972,0.80166,0,0.84807,0.74785,0.76235,0.67453,0.84807,0.74785,0.76235,0.60065,0.66733,1.30428,0.68971,1.09563,0,0.000231088,0.000231088,0.000231088
802,19665.6,0.17337,0.14371,0.16212,0.80002,0,0.83082,0.75167,0.73352,0.64375,0.83082,0.75167,0.73352,0.57399,0.66495,1.28723,0.68105,1.09531,0,0.000229988,0.000229988,0.000229988
803,19690.1,0.16205,0.15647,0.1566,0.79834,0,0.85554,0.74852,0.73591,0.64884,0.85554,0.74852,0.73591,0.57239,0.66009,1.27391,0.68732,1.09326,0,0.000228888,0.000228888,0.000228888
804,19714.6,0.17357,0.17224,0.16003,0.80738,0,0.852,0.74333,0.73496,0.64952,0.852,0.74333,0.73496,0.5707,0.65912,1.27812,0.68685,1.09344,0,0.000227788,0.000227788,0.000227788
805,19739.2,0.18466,0.17402,0.16048,0.80389,0,0.85192,0.74333,0.75923,0.67524,0.85192,0.74333,0.75923,0.58969,0.66243,1.2837,0.68464,1.09614,0,0.000226688,0.000226688,0.000226688
806,19763.7,0.17773,0.15564,0.16527,0.80436,0,0.85513,0.74333,0.76869,0.67749,0.85513,0.74333,0.76869,0.60832,0.6629,1.25747,0.69402,1.09275,0,0.000225589,0.000225589,0.000225589
807,19788.2,0.17199,0.16275,0.15406,0.80113,0,0.86254,0.74112,0.76267,0.67338,0.86254,0.74112,0.76267,0.5978,0.6569,1.2409,0.70715,1.08172,0,0.000224489,0.000224489,0.000224489
808,19812.7,0.1737,0.15743,0.16721,0.80487,0,0.86135,0.74109,0.75017,0.65751,0.86135,0.74109,0.75017,0.58402,0.65535,1.25937,0.71607,1.07714,0,0.000223389,0.000223389,0.000223389
809,19837.3,0.18865,0.15536,0.17762,0.80976,0,0.82287,0.74467,0.73603,0.6453,0.82287,0.74467,0.73603,0.57098,0.65849,1.31001,0.72419,1.0813,0,0.000222289,0.000222289,0.000222289
810,19861.7,0.17862,0.1368,0.15734,0.80739,0,0.81878,0.74594,0.7436,0.65427,0.81878,0.74594,0.7436,0.58193,0.6605,1.31057,0.72473,1.08518,0,0.000221189,0.000221189,0.000221189
811,19886.3,0.17035,0.14846,0.15269,0.80272,0,0.81654,0.74646,0.7324,0.64185,0.81654,0.74646,0.7324,0.57414,0.66617,1.29981,0.73672,1.08932,0,0.000220089,0.000220089,0.000220089
812,19910.8,0.17244,0.16033,0.16521,0.80325,0,0.81401,0.74333,0.74058,0.64768,0.81401,0.74333,0.74058,0.57781,0.6651,1.28364,0.74093,1.08877,0,0.000218989,0.000218989,0.000218989
813,19935.3,0.16469,0.12709,0.15283,0.79427,0,0.87625,0.69956,0.74041,0.64546,0.87625,0.69956,0.74041,0.57111,0.66408,1.27373,0.737,1.08605,0,0.000217889,0.000217889,0.000217889
814,19959.8,0.16057,0.12143,0.15261,0.80238,0,0.8776,0.69956,0.73244,0.63748,0.8776,0.69956,0.73244,0.5701,0.66563,1.2715,0.72935,1.08821,0,0.000216789,0.000216789,0.000216789
815,19984.3,0.17323,0.15064,0.16412,0.80852,0,0.84295,0.74333,0.73484,0.64339,0.84295,0.74333,0.73484,0.56933,0.67469,1.31263,0.73071,1.09804,0,0.00021569,0.00021569,0.00021569
816,20008.9,0.18378,0.15023,0.17731,0.81006,0,0.85907,0.74333,0.73467,0.64045,0.85907,0.74333,0.73467,0.57358,0.67555,1.36736,0.72214,1.09753,0,0.00021459,0.00021459,0.00021459
817,20033.4,0.18364,0.16396,0.17288,0.80863,0,0.86615,0.72723,0.73983,0.64561,0.86615,0.72723,0.73983,0.5702,0.66977,1.39268,0.72608,1.09049,0,0.00021349,0.00021349,0.00021349
818,20057.9,0.1706,0.13975,0.15626,0.79334,0,0.88232,0.71956,0.73485,0.64337,0.88232,0.71956,0.73485,0.56953,0.67081,1.40543,0.72327,1.09044,0,0.00021239,0.00021239,0.00021239
819,20082.4,0.15387,0.13753,0.14447,0.78886,0,0.89055,0.71956,0.73628,0.64557,0.89055,0.71956,0.73628,0.56705,0.67191,1.37589,0.71233,1.09046,0,0.00021129,0.00021129,0.00021129
820,20106.9,0.17076,0.15297,0.17055,0.79294,0,0.86656,0.72019,0.74302,0.64916,0.86656,0.72019,0.74302,0.57673,0.66983,1.33517,0.7075,1.08764,0,0.00021019,0.00021019,0.00021019
821,20131.5,0.18078,0.18757,0.15929,0.80119,0,0.85024,0.74333,0.74444,0.64839,0.85024,0.74333,0.74444,0.57512,0.66699,1.29872,0.69454,1.08403,0,0.00020909,0.00020909,0.00020909
822,20156,0.18695,0.14838,0.17826,0.805,0,0.85345,0.74333,0.74901,0.65183,0.85345,0.74333,0.74901,0.58148,0.6606,1.24343,0.68144,1.08007,0,0.00020799,0.00020799,0.00020799
823,20180.5,0.17438,0.13422,0.16974,0.81153,0,0.86244,0.74327,0.74164,0.64496,0.86244,0.74327,0.74164,0.58014,0.66422,1.2261,0.68101,1.08601,0,0.00020689,0.00020689,0.00020689
824,20205,0.17531,0.15986,0.16264,0.81109,0,0.8673,0.74147,0.73985,0.6465,0.8673,0.74147,0.73985,0.5767,0.66918,1.27001,0.69017,1.09462,0,0.000205791,0.000205791,0.000205791
825,20229.5,0.15687,0.12462,0.14898,0.79826,0,0.87096,0.74333,0.74247,0.6509,0.87096,0.74333,0.74247,0.57863,0.66284,1.33023,0.68555,1.09294,0,0.000204691,0.000204691,0.000204691
826,20254,0.18215,0.16649,0.16631,0.81041,0,0.8719,0.74333,0.74403,0.65394,0.8719,0.74333,0.74403,0.58101,0.66336,1.42447,0.67287,1.09116,0,0.000203591,0.000203591,0.000203591
827,20278.5,0.17654,0.1394,0.16883,0.79874,0,0.87718,0.73234,0.73494,0.64522,0.87718,0.73234,0.73494,0.57113,0.66277,1.44178,0.65699,1.08548,0,0.000202491,0.000202491,0.000202491
828,20303.1,0.15348,0.12383,0.14507,0.79426,0,0.87145,0.73123,0.734,0.6453,0.87145,0.73123,0.734,0.56732,0.66054,1.40711,0.66427,1.08018,0,0.000201391,0.000201391,0.000201391
829,20327.5,0.16356,0.1598,0.16615,0.80832,0,0.85666,0.74118,0.73325,0.6418,0.85666,0.74118,0.73325,0.56318,0.65731,1.36198,0.68852,1.07749,0,0.000200291,0.000200291,0.000200291
830,20352,0.17,0.19791,0.15473,0.80138,0,0.86273,0.7727,0.73423,0.64496,0.86273,0.7727,0.73423,0.5539,0.65487,1.31912,0.69011,1.07639,0,0.000199191,0.000199191,0.000199191
831,20376.5,0.15695,0.14123,0.14601,0.7953,0,0.85507,0.74944,0.73412,0.64582,0.85507,0.74944,0.73412,0.55861,0.64888,1.27865,0.67488,1.07417,0,0.000198091,0.000198091,0.000198091
832,20401.1,0.16336,0.13588,0.15779,0.80627,0,0.88283,0.71956,0.73939,0.65832,0.88283,0.71956,0.73939,0.56277,0.64786,1.25267,0.66101,1.07359,0,0.000196991,0.000196991,0.000196991
833,20425.6,0.16886,0.1473,0.15204,0.80396,0,0.89407,0.73956,0.76438,0.67839,0.89407,0.73956,0.76438,0.59496,0.64631,1.24727,0.6631,1.07308,0,0.000195892,0.000195892,0.000195892
834,20450.2,0.16197,0.12139,0.15025,0.79479,0,0.86284,0.73956,0.84185,0.74279,0.86284,0.73956,0.84185,0.65022,0.64512,1.2457,0.67787,1.07181,0,0.000194792,0.000194792,0.000194792
835,20474.7,0.16126,0.15832,0.15814,0.79391,0,0.85394,0.73815,0.84123,0.74376,0.85394,0.73815,0.84123,0.66066,0.6486,1.25758,0.68403,1.07155,0,0.000193692,0.000193692,0.000193692
836,20499.2,0.16338,0.13795,0.16155,0.80247,0,0.85593,0.74007,0.75842,0.675,0.85593,0.74007,0.75842,0.5857,0.64728,1.24342,0.68814,1.0705,0,0.000192592,0.000192592,0.000192592
837,20523.7,0.17047,0.15599,0.15683,0.80995,0,0.86526,0.74333,0.73928,0.6607,0.86526,0.74333,0.73928,0.56763,0.64398,1.24669,0.69671,1.06865,0,0.000191492,0.000191492,0.000191492
838,20548.2,0.15998,0.12899,0.15305,0.80316,0,0.86644,0.74333,0.73666,0.65499,0.86644,0.74333,0.73666,0.5639,0.64319,1.27843,0.70608,1.06939,0,0.000190392,0.000190392,0.000190392
839,20572.7,0.15575,0.13806,0.1411,0.79321,0,0.86105,0.74333,0.73879,0.65277,0.86105,0.74333,0.73879,0.56291,0.65068,1.33771,0.70554,1.07676,0,0.000189292,0.000189292,0.000189292
840,20597.3,0.17282,0.1391,0.15667,0.81255,0,0.85661,0.73743,0.73735,0.65133,0.85661,0.73743,0.73735,0.56204,0.65148,1.37564,0.69661,1.07989,0,0.000188192,0.000188192,0.000188192
841,20621.8,0.1692,0.15738,0.15627,0.80145,0,0.85821,0.73167,0.73735,0.65044,0.85821,0.73167,0.73735,0.55999,0.65084,1.38386,0.68315,1.07931,0,0.000187092,0.000187092,0.000187092
842,20646.3,0.15761,0.12827,0.1485,0.7973,0,0.86909,0.73123,0.74079,0.65244,0.86909,0.73123,0.74079,0.56241,0.65124,1.38,0.67872,1.07755,0,0.000185993,0.000185993,0.000185993
843,20670.8,0.15918,0.14595,0.15717,0.8026,0,0.85964,0.73881,0.74537,0.65903,0.85964,0.73881,0.74537,0.56778,0.65274,1.38796,0.6874,1.07714,0,0.000184893,0.000184893,0.000184893
844,20695.3,0.15915,0.16174,0.15882,0.80039,0,0.84569,0.76807,0.74853,0.66073,0.84569,0.76807,0.74853,0.5741,0.65295,1.39465,0.68676,1.07606,0,0.000183793,0.000183793,0.000183793
845,20719.8,0.16193,0.17062,0.15551,0.79805,0,0.83839,0.77803,0.74178,0.65767,0.83839,0.77803,0.74178,0.56447,0.65385,1.39078,0.68973,1.07707,0,0.000182693,0.000182693,0.000182693
846,20744.5,0.15911,0.13921,0.14618,0.79931,0,0.84518,0.77622,0.78755,0.69486,0.84518,0.77622,0.78755,0.59787,0.65776,1.35275,0.69074,1.08223,0,0.000181593,0.000181593,0.000181593
847,20769,0.1622,0.12424,0.15381,0.79995,0,0.84556,0.77189,0.86402,0.75789,0.84556,0.77189,0.86402,0.67475,0.65501,1.29133,0.68205,1.07919,0,0.000180493,0.000180493,0.000180493
848,20793.5,0.16494,0.13558,0.15608,0.80439,0,0.88161,0.73559,0.84865,0.74749,0.88161,0.73559,0.84865,0.66027,0.65575,1.2882,0.67366,1.07926,0,0.000179393,0.000179393,0.000179393
849,20818,0.16835,0.13377,0.15737,0.80466,0,0.88322,0.73716,0.84708,0.74605,0.88322,0.73716,0.84708,0.64407,0.65728,1.31194,0.67855,1.07945,0,0.000178293,0.000178293,0.000178293
850,20842.5,0.16864,0.12139,0.16499,0.80705,0,0.88155,0.73863,0.8736,0.76811,0.88155,0.73863,0.8736,0.6788,0.65888,1.3435,0.67376,1.07645,0,0.000177193,0.000177193,0.000177193
851,20867.1,0.18667,0.1636,0.16713,0.81294,0,0.87479,0.73956,0.89495,0.78702,0.87479,0.73956,0.89495,0.69849,0.65963,1.35097,0.66269,1.07053,0,0.000176094,0.000176094,0.000176094
852,20891.9,0.15387,0.1344,0.15569,0.7916,0,0.86357,0.74333,0.84576,0.75206,0.86357,0.74333,0.84576,0.65157,0.6588,1.34186,0.65127,1.0685,0,0.000174994,0.000174994,0.000174994
853,20916.4,0.16448,0.16018,0.15916,0.81104,0,0.61341,0.93523,0.85561,0.75968,0.61341,0.93523,0.85561,0.6634,0.65776,1.33045,0.64599,1.0694,0,0.000173894,0.000173894,0.000173894
854,20941,0.1737,0.1641,0.15481,0.80401,0,0.75182,0.89167,0.92695,0.8263,0.75182,0.89167,0.92695,0.72892,0.65379,1.28743,0.63964,1.06981,0,0.000172794,0.000172794,0.000172794
855,20965.5,0.16634,0.13311,0.15146,0.80243,0,0.77497,0.97236,0.95998,0.85751,0.77497,0.97236,0.95998,0.75886,0.64682,1.23717,0.63221,1.06592,0,0.000171694,0.000171694,0.000171694
856,20990.1,0.16882,0.13537,0.15671,0.80129,0,0.77967,0.98633,0.96134,0.85893,0.77967,0.98633,0.96134,0.7701,0.65033,1.22453,0.63975,1.06915,0,0.000170594,0.000170594,0.000170594
857,21014.6,0.15034,0.13464,0.14343,0.79017,0,0.76503,0.99167,0.95584,0.85428,0.76503,0.99167,0.95584,0.77397,0.65301,1.24185,0.64485,1.07356,0,0.000169494,0.000169494,0.000169494
858,21039.1,0.16898,0.13333,0.15667,0.80369,0,0.76006,0.99167,0.95572,0.8486,0.76006,0.99167,0.95572,0.76882,0.65249,1.27621,0.63669,1.07716,0,0.000168394,0.000168394,0.000168394
859,21063.6,0.16054,0.15855,0.14559,0.79977,0,0.75233,0.95612,0.95925,0.85324,0.75233,0.95612,0.95925,0.76659,0.65196,1.29848,0.63829,1.07747,0,0.000167294,0.000167294,0.000167294
860,21088.2,0.15687,0.13296,0.14984,0.80175,0,0.90913,0.73578,0.95672,0.85199,0.90913,0.73578,0.95672,0.76583,0.65394,1.31231,0.64285,1.07795,0,0.000166194,0.000166194,0.000166194
861,21112.8,0.15359,0.12001,0.14434,0.79835,0,0.92189,0.73123,0.95643,0.84231,0.92189,0.73123,0.95643,0.76679,0.65463,1.31388,0.64043,1.07838,0,0.000165095,0.000165095,0.000165095
862,21137.3,0.18002,0.17443,0.15397,0.81155,0,0.9246,0.73123,0.923,0.81601,0.9246,0.73123,0.923,0.72791,0.64899,1.3128,0.64032,1.07252,0,0.000163995,0.000163995,0.000163995
863,21161.8,0.15374,0.12273,0.14296,0.79944,0,0.91395,0.73123,0.95609,0.85041,0.91395,0.73123,0.95609,0.77614,0.64138,1.30152,0.64559,1.07036,0,0.000162895,0.000162895,0.000162895
864,21186.3,0.16363,0.12818,0.15641,0.79786,0,0.90105,0.73123,0.95609,0.85502,0.90105,0.73123,0.95609,0.777,0.64395,1.30214,0.64904,1.07515,0,0.000161795,0.000161795,0.000161795
865,21210.9,0.15173,0.14883,0.14309,0.79631,0,0.91378,0.73123,0.95432,0.85395,0.91378,0.73123,0.95432,0.77564,0.64943,1.30334,0.65702,1.08007,0,0.000160695,0.000160695,0.000160695
866,21235.4,0.15322,0.1303,0.14888,0.8,0,0.91326,0.7266,0.89986,0.80341,0.91326,0.7266,0.89986,0.7255,0.64866,1.29683,0.66893,1.08085,0,0.000159595,0.000159595,0.000159595
867,21260,0.16243,0.17664,0.14865,0.80319,0,0.90986,0.72101,0.88094,0.78352,0.90986,0.72101,0.88094,0.70532,0.64925,1.2965,0.67822,1.08235,0,0.000158495,0.000158495,0.000158495
868,21284.5,0.16067,0.14012,0.15029,0.78714,0,0.89758,0.71317,0.80931,0.71997,0.89758,0.71317,0.80931,0.64383,0.65036,1.2848,0.6816,1.08438,0,0.000157395,0.000157395,0.000157395
869,21309,0.14968,0.12042,0.13856,0.79955,0,0.91021,0.71123,0.76774,0.68403,0.91021,0.71123,0.76774,0.6066,0.65123,1.28022,0.67707,1.08486,0,0.000156295,0.000156295,0.000156295
870,21333.5,0.17911,0.15974,0.16034,0.80516,0,0.9057,0.71296,0.77004,0.68606,0.9057,0.71296,0.77004,0.60943,0.65303,1.2786,0.68034,1.08719,0,0.000155196,0.000155196,0.000155196
871,21358.1,0.17074,0.13397,0.16203,0.80727,0,0.91661,0.73123,0.7738,0.69059,0.91661,0.73123,0.7738,0.61292,0.65675,1.28042,0.68661,1.0889,0,0.000154096,0.000154096,0.000154096
872,21382.6,0.15955,0.14103,0.15151,0.79803,0,0.90868,0.73916,0.75751,0.67593,0.90868,0.73916,0.75751,0.59728,0.65827,1.2931,0.68162,1.09007,0,0.000152996,0.000152996,0.000152996
873,21407.1,0.17281,0.13617,0.1614,0.80691,0,0.91109,0.73956,0.75743,0.67544,0.91109,0.73956,0.75743,0.59762,0.65958,1.31035,0.67853,1.09159,0,0.000151896,0.000151896,0.000151896
874,21431.7,0.14887,0.13972,0.14402,0.79934,0,0.91437,0.73956,0.75666,0.67302,0.91437,0.73956,0.75666,0.59307,0.66162,1.32203,0.68489,1.09454,0,0.000150796,0.000150796,0.000150796
875,21456.3,0.15328,0.14246,0.14469,0.78762,0,0.92054,0.73956,0.75582,0.67159,0.92054,0.73956,0.75582,0.58906,0.66475,1.33566,0.69054,1.09709,0,0.000149696,0.000149696,0.000149696
876,21480.8,0.16948,0.14927,0.20567,0.79908,0,0.9207,0.73884,0.75643,0.67205,0.9207,0.73884,0.75643,0.58909,0.6652,1.3191,0.69732,1.09821,0,0.000148596,0.000148596,0.000148596
877,21505.3,0.15428,0.15329,0.1411,0.79868,0,0.91739,0.73903,0.75682,0.67246,0.91739,0.73903,0.75682,0.58904,0.66634,1.30533,0.70258,1.10184,0,0.000147496,0.000147496,0.000147496
878,21529.7,0.15369,0.14177,0.13982,0.78166,0,0.89414,0.73956,0.77303,0.68275,0.89414,0.73956,0.77303,0.6068,0.66952,1.28007,0.70697,1.10746,0,0.000146396,0.000146396,0.000146396
879,21554.3,0.15487,0.11968,0.1465,0.80262,0,0.8881,0.73956,0.77236,0.68157,0.8881,0.73956,0.77236,0.60928,0.67068,1.26002,0.71077,1.1091,0,0.000145297,0.000145297,0.000145297
880,21578.8,0.16339,0.14518,0.15431,0.79986,0,0.88136,0.73956,0.77724,0.68912,0.88136,0.73956,0.77724,0.6132,0.66842,1.25843,0.71706,1.10527,0,0.000144197,0.000144197,0.000144197
881,21603.3,0.16128,0.1359,0.15127,0.7919,0,0.88127,0.73956,0.77406,0.68861,0.88127,0.73956,0.77406,0.60763,0.66786,1.27362,0.71444,1.10426,0,0.000143097,0.000143097,0.000143097
882,21627.8,0.16302,0.13588,0.1552,0.79649,0,0.88356,0.73956,0.75232,0.66813,0.88356,0.73956,0.75232,0.5842,0.67057,1.29595,0.71149,1.10523,0,0.000141997,0.000141997,0.000141997
883,21652.3,0.15861,0.1274,0.16083,0.80172,0,0.88308,0.73956,0.75439,0.66891,0.88308,0.73956,0.75439,0.58653,0.67148,1.3135,0.70364,1.10726,0,0.000140897,0.000140897,0.000140897
884,21676.8,0.1679,0.16979,0.15425,0.80258,0,0.6683,0.73956,0.75262,0.6672,0.6683,0.73956,0.75262,0.58548,0.67183,1.31211,0.69914,1.10808,0,0.000139797,0.000139797,0.000139797
885,21701.3,0.16743,0.14579,0.1724,0.81025,0,0.6665,0.73627,0.75068,0.6655,0.6665,0.73627,0.75068,0.58597,0.67243,1.29257,0.69243,1.10769,0,0.000138697,0.000138697,0.000138697
886,21725.8,0.15537,0.13009,0.1378,0.7963,0,0.66758,0.7369,0.75068,0.66365,0.66758,0.7369,0.75068,0.58716,0.67336,1.26296,0.69478,1.10746,0,0.000137597,0.000137597,0.000137597
887,21750.3,0.16007,0.14245,0.15517,0.80292,0,0.67677,0.734,0.7554,0.66629,0.67677,0.734,0.7554,0.59328,0.67632,1.28218,0.71173,1.11054,0,0.000136497,0.000136497,0.000136497
888,21774.9,0.16104,0.14394,0.153,0.80805,0,0.68139,0.73457,0.7564,0.66573,0.68139,0.73457,0.7564,0.59477,0.67744,1.32627,0.73164,1.11395,0,0.000135398,0.000135398,0.000135398
889,21799.4,0.15001,0.11749,0.13672,0.79876,0,0.88147,0.73859,0.75633,0.66446,0.88147,0.73859,0.75633,0.59411,0.6769,1.3553,0.7369,1.11398,0,0.000134298,0.000134298,0.000134298
890,21823.9,0.16448,0.13491,0.15579,0.80013,0,0.87863,0.73956,0.75947,0.6718,0.87863,0.73956,0.75947,0.59023,0.67228,1.38515,0.74147,1.11041,0,0.000133198,0.000133198,0.000133198
891,21848.4,0.1437,0.14274,0.154,0.80467,0,0.87632,0.73123,0.76083,0.67564,0.87632,0.73123,0.76083,0.59458,0.6691,1.39324,0.73381,1.10539,0,0.000132098,0.000132098,0.000132098
892,21872.9,0.15152,0.12085,0.15146,0.79192,0,0.87721,0.72872,0.76053,0.67575,0.87721,0.72872,0.76053,0.59798,0.66578,1.3518,0.70841,1.099,0,0.000130998,0.000130998,0.000130998
893,21897.4,0.16032,0.14213,0.15957,0.80065,0,0.89012,0.72745,0.75758,0.67725,0.89012,0.72745,0.75758,0.5991,0.66584,1.31144,0.70359,1.09518,0,0.000129898,0.000129898,0.000129898
894,21921.9,0.14965,0.11791,0.14589,0.79485,0,0.8927,0.72745,0.75797,0.67778,0.8927,0.72745,0.75797,0.59995,0.66779,1.29802,0.70966,1.09532,0,0.000128798,0.000128798,0.000128798
895,21946.5,0.16118,0.13631,0.14998,0.79994,0,0.8899,0.73123,0.75793,0.67779,0.8899,0.73123,0.75793,0.59704,0.66754,1.30328,0.72793,1.09818,0,0.000127698,0.000127698,0.000127698
896,21971,0.16605,0.17948,0.16536,0.80544,0,0.88741,0.73123,0.75354,0.67531,0.88741,0.73123,0.75354,0.59874,0.66449,1.31613,0.73789,1.09465,0,0.000126598,0.000126598,0.000126598
897,21995.5,0.16046,0.14734,0.15056,0.78525,0,0.877,0.73123,0.74748,0.66703,0.877,0.73123,0.74748,0.59395,0.66479,1.32113,0.74217,1.09242,0,0.000125499,0.000125499,0.000125499
898,22020.1,0.16531,0.13225,0.15533,0.80035,0,0.87504,0.73123,0.74059,0.65858,0.87504,0.73123,0.74059,0.58514,0.66346,1.30417,0.73846,1.08972,0,0.000124399,0.000124399,0.000124399
899,22044.6,0.15775,0.14609,0.15139,0.80753,0,0.87401,0.73123,0.74058,0.65661,0.87401,0.73123,0.74058,0.58163,0.66765,1.29619,0.7343,1.09358,0,0.000123299,0.000123299,0.000123299
900,22069.1,0.20752,0.13073,0.23307,0.82371,0,0.8732,0.73123,0.74229,0.65763,0.8732,0.73123,0.74229,0.58549,0.67258,1.29019,0.7343,1.09866,0,0.000122199,0.000122199,0.000122199
901,22093.6,0.15209,0.15357,0.13755,0.79978,0,0.87231,0.73123,0.74528,0.65951,0.87231,0.73123,0.74528,0.58769,0.67447,1.29845,0.73203,1.1021,0,0.000121099,0.000121099,0.000121099
902,22118.1,0.16081,0.14523,0.14906,0.79724,0,0.87333,0.73123,0.7477,0.66177,0.87333,0.73123,0.7477,0.58927,0.67638,1.31252,0.73915,1.10578,0,0.000119999,0.000119999,0.000119999
903,22142.6,0.14221,0.1272,0.1344,0.78979,0,0.67553,0.73123,0.75203,0.66401,0.67553,0.73123,0.75203,0.59347,0.67866,1.31851,0.75488,1.10939,0,0.000118899,0.000118899,0.000118899
904,22167.3,0.15208,0.19174,0.14243,0.79304,0,0.87408,0.73123,0.75307,0.66461,0.87408,0.73123,0.75307,0.59069,0.67958,1.32579,0.75366,1.11069,0,0.000117799,0.000117799,0.000117799
905,22191.8,0.16781,0.14402,0.15605,0.80266,0,0.67582,0.73123,0.7509,0.66672,0.67582,0.73123,0.7509,0.58531,0.67415,1.30649,0.74193,1.10774,0,0.000116699,0.000116699,0.000116699
906,22216.3,0.15036,0.14641,0.14696,0.79655,0,0.68211,0.73123,0.7495,0.66405,0.68211,0.73123,0.7495,0.58193,0.67019,1.28212,0.74154,1.10662,0,0.0001156,0.0001156,0.0001156
907,22240.8,0.14262,0.1273,0.1353,0.79304,0,0.68338,0.73123,0.74966,0.66613,0.68338,0.73123,0.74966,0.58489,0.66739,1.27817,0.74069,1.10594,0,0.0001145,0.0001145,0.0001145
908,22265.4,0.1572,0.12084,0.14492,0.79822,0,0.6833,0.73123,0.74659,0.6603,0.6833,0.73123,0.74659,0.57955,0.66718,1.29239,0.73056,1.10518,0,0.0001134,0.0001134,0.0001134
909,22289.9,0.141,0.11639,0.13188,0.80412,0,0.67936,0.73123,0.7513,0.66579,0.67936,0.73123,0.7513,0.58503,0.66535,1.30544,0.70292,1.10253,0,0.0001123,0.0001123,0.0001123
910,22314.4,0.15387,0.14895,0.14956,0.80322,0,0.67167,0.73123,0.7483,0.6636,0.67167,0.73123,0.7483,0.58807,0.66453,1.32226,0.69002,1.09883,0,0.0001112,0.0001112,0.0001112
911,22339,0.14811,0.13103,0.14896,0.79766,0,0.67242,0.73123,0.74251,0.65745,0.67242,0.73123,0.74251,0.58245,0.66615,1.33077,0.68213,1.09744,0,0.0001101,0.0001101,0.0001101
912,22363.5,0.15154,0.12931,0.14354,0.79337,0,0.68681,0.73123,0.74747,0.66338,0.68681,0.73123,0.74747,0.58295,0.66814,1.32897,0.68795,1.09836,0,0.000109,0.000109,0.000109
913,22388,0.16246,0.12538,0.16159,0.80887,0,0.68643,0.73042,0.74906,0.66358,0.68643,0.73042,0.74906,0.58871,0.67156,1.33285,0.69977,1.10005,0,0.0001079,0.0001079,0.0001079
914,22412.5,0.15257,0.11966,0.13741,0.80217,0,0.88566,0.73123,0.74407,0.65834,0.88566,0.73123,0.74407,0.58392,0.67327,1.34033,0.70635,1.10233,0,0.0001068,0.0001068,0.0001068
915,22437,0.16198,0.15933,0.13924,0.80092,0,0.88398,0.73123,0.74079,0.65513,0.88398,0.73123,0.74079,0.5793,0.67336,1.33352,0.71315,1.10375,0,0.000105701,0.000105701,0.000105701
916,22461.5,0.1522,0.1515,0.14034,0.79576,0,0.88367,0.73123,0.73998,0.6542,0.88367,0.73123,0.73998,0.57941,0.67414,1.32108,0.71196,1.1045,0,0.000104601,0.000104601,0.000104601
917,22486,0.16074,0.11704,0.15735,0.79518,0,0.88335,0.73123,0.74343,0.65788,0.88335,0.73123,0.74343,0.56794,0.67583,1.31204,0.71532,1.10635,0,0.000103501,0.000103501,0.000103501
918,22510.5,0.15458,0.11087,0.14054,0.78654,0,0.8824,0.73123,0.74739,0.6606,0.8824,0.73123,0.74739,0.58189,0.67646,1.32451,0.72305,1.10666,0,0.000102401,0.000102401,0.000102401
919,22535.1,0.15642,0.13975,0.14088,0.80535,0,0.88604,0.73123,0.75282,0.66804,0.88604,0.73123,0.75282,0.59194,0.67858,1.34121,0.72203,1.10787,0,0.000101301,0.000101301,0.000101301
920,22559.6,0.14145,0.11605,0.14188,0.80864,0,0.89331,0.73123,0.75428,0.67135,0.89331,0.73123,0.75428,0.59028,0.67816,1.34315,0.71694,1.1054,0,0.000100201,0.000100201,0.000100201
921,22584.1,0.14791,0.14952,0.14278,0.80374,0,0.89314,0.73123,0.7548,0.67581,0.89314,0.73123,0.7548,0.59291,0.6782,1.34339,0.71315,1.10635,0,9.91012e-05,9.91012e-05,9.91012e-05
922,22608.6,0.14699,0.12048,0.13623,0.80447,0,0.68518,0.73123,0.75267,0.67279,0.68518,0.73123,0.75267,0.58822,0.67628,1.34602,0.70902,1.10489,0,9.80013e-05,9.80013e-05,9.80013e-05
923,22633.2,0.14333,0.12187,0.13729,0.80288,0,0.67584,0.73362,0.7531,0.67255,0.67584,0.73362,0.7531,0.5907,0.67549,1.36434,0.71019,1.10355,0,9.69014e-05,9.69014e-05,9.69014e-05
924,22657.8,0.15094,0.12728,0.1389,0.79051,0,0.68672,0.73402,0.75611,0.67523,0.68672,0.73402,0.75611,0.59443,0.67266,1.35826,0.70231,1.10026,0,9.58015e-05,9.58015e-05,9.58015e-05
925,22682.3,0.15799,0.12906,0.13819,0.80534,0,0.68794,0.73594,0.75909,0.6789,0.68794,0.73594,0.75909,0.59815,0.67273,1.35452,0.69618,1.09994,0,9.47016e-05,9.47016e-05,9.47016e-05
926,22706.8,0.16302,0.16872,0.23221,0.80156,0,0.68435,0.73648,0.75326,0.6691,0.68435,0.73648,0.75326,0.59186,0.67414,1.34948,0.69779,1.1002,0,9.36017e-05,9.36017e-05,9.36017e-05
927,22731.3,0.14328,0.12062,0.14254,0.79779,0,0.68318,0.73631,0.75137,0.66657,0.68318,0.73631,0.75137,0.58691,0.67441,1.35684,0.70491,1.10132,0,9.25019e-05,9.25019e-05,9.25019e-05
928,22755.8,0.1491,0.15004,0.15483,0.79806,0,0.68283,0.73747,0.75219,0.66962,0.68283,0.73747,0.75219,0.58826,0.67049,1.35264,0.7066,1.10018,0,9.1402e-05,9.1402e-05,9.1402e-05
929,22780.4,0.15218,0.1524,0.1346,0.78741,0,0.68296,0.73932,0.75234,0.67097,0.68296,0.73932,0.75234,0.58925,0.66783,1.35126,0.70836,1.10026,0,9.03021e-05,9.03021e-05,9.03021e-05
930,22804.9,0.16326,0.14631,0.14522,0.80805,0,0.6811,0.73844,0.75223,0.66866,0.6811,0.73844,0.75223,0.58913,0.66715,1.35169,0.70701,1.10058,0,8.92022e-05,8.92022e-05,8.92022e-05
931,22829.4,0.14145,0.12323,0.13451,0.80195,0,0.67919,0.7365,0.75311,0.66906,0.67919,0.7365,0.75311,0.58849,0.66725,1.33861,0.69604,1.10169,0,8.81023e-05,8.81023e-05,8.81023e-05
932,22853.9,0.14884,0.13249,0.13175,0.79966,0,0.66013,0.76505,0.75585,0.67263,0.66013,0.76505,0.75585,0.58964,0.66837,1.32529,0.68915,1.10163,0,8.70024e-05,8.70024e-05,8.70024e-05
933,22878.4,0.14251,0.11929,0.12961,0.80053,0,0.65962,0.76254,0.75644,0.67135,0.65962,0.76254,0.75644,0.59107,0.66866,1.31899,0.68678,1.10169,0,8.59025e-05,8.59025e-05,8.59025e-05
934,22902.9,0.13934,0.1316,0.13189,0.794,0,0.65453,0.76774,0.75391,0.67071,0.65453,0.76774,0.75391,0.58756,0.66609,1.311,0.69076,1.10115,0,8.48026e-05,8.48026e-05,8.48026e-05
935,22927.5,0.15699,0.11852,0.14591,0.80301,0,0.68242,0.72763,0.75187,0.66941,0.68242,0.72763,0.75187,0.58872,0.66163,1.30535,0.69359,1.09925,0,8.37027e-05,8.37027e-05,8.37027e-05
936,22952.1,0.14539,0.13906,0.13379,0.79347,0,0.6794,0.7325,0.75075,0.66816,0.6794,0.7325,0.75075,0.58832,0.65833,1.30724,0.70254,1.09868,0,8.26028e-05,8.26028e-05,8.26028e-05
937,22976.6,0.15477,0.11091,0.1476,0.78994,0,0.88001,0.73364,0.75173,0.66899,0.88001,0.73364,0.75173,0.58995,0.65719,1.30705,0.70756,1.09903,0,8.1503e-05,8.1503e-05,8.1503e-05
938,23001,0.14597,0.11791,0.13388,0.79652,0,0.88411,0.73364,0.75187,0.67161,0.88411,0.73364,0.75187,0.58975,0.65719,1.3227,0.70491,1.09907,0,8.04031e-05,8.04031e-05,8.04031e-05
939,23025.5,0.14649,0.11749,0.14048,0.80045,0,0.88277,0.73123,0.75176,0.6696,0.88277,0.73123,0.75176,0.58927,0.656,1.34308,0.70068,1.09768,0,7.93032e-05,7.93032e-05,7.93032e-05
940,23050.1,0.1297,0.12678,0.12403,0.79367,0,0.88289,0.73123,0.74771,0.6675,0.88289,0.73123,0.74771,0.59031,0.65524,1.3491,0.70471,1.09754,0,7.82033e-05,7.82033e-05,7.82033e-05
941,23074.6,0.14088,0.13456,0.13621,0.78794,0,0.88316,0.73123,0.74771,0.66745,0.88316,0.73123,0.74771,0.58894,0.65649,1.34041,0.70961,1.09758,0,7.71034e-05,7.71034e-05,7.71034e-05
942,23099.1,0.13669,0.11309,0.1271,0.79169,0,0.87842,0.73123,0.74713,0.66542,0.87842,0.73123,0.74713,0.5885,0.65745,1.32776,0.70897,1.09679,0,7.60035e-05,7.60035e-05,7.60035e-05
943,23123.6,0.15056,0.11307,0.15453,0.7832,0,0.87684,0.73123,0.74628,0.66454,0.87684,0.73123,0.74628,0.58584,0.65672,1.3203,0.70869,1.09686,0,7.49036e-05,7.49036e-05,7.49036e-05
944,23148.1,0.13775,0.11796,0.13622,0.79436,0,0.88095,0.73123,0.74703,0.66479,0.88095,0.73123,0.74703,0.58713,0.65791,1.32431,0.69884,1.09822,0,7.38037e-05,7.38037e-05,7.38037e-05
945,23172.7,0.14466,0.13538,0.13419,0.79226,0,0.88194,0.73123,0.74671,0.66425,0.88194,0.73123,0.74671,0.58606,0.66012,1.33119,0.69584,1.10037,0,7.27038e-05,7.27038e-05,7.27038e-05
946,23197.3,0.14681,0.10674,0.15277,0.80352,0,0.88227,0.73123,0.74644,0.66407,0.88227,0.73123,0.74644,0.58699,0.66087,1.34029,0.69771,1.10136,0,7.1604e-05,7.1604e-05,7.1604e-05
947,23221.8,0.14502,0.13588,0.13501,0.80196,0,0.8813,0.73123,0.74157,0.6601,0.8813,0.73123,0.74157,0.58407,0.65993,1.34263,0.69847,1.10026,0,7.05041e-05,7.05041e-05,7.05041e-05
948,23246.4,0.1424,0.13383,0.12901,0.79878,0,0.87942,0.73123,0.7366,0.65336,0.87942,0.73123,0.7366,0.57579,0.65902,1.34428,0.69706,1.0997,0,6.94042e-05,6.94042e-05,6.94042e-05
949,23270.9,0.14462,0.11261,0.13191,0.79363,0,0.8784,0.73123,0.73579,0.65434,0.8784,0.73123,0.73579,0.57669,0.65761,1.34102,0.69864,1.09807,0,6.83043e-05,6.83043e-05,6.83043e-05
950,23295.4,0.15342,0.1501,0.13493,0.79516,0,0.87753,0.73123,0.75556,0.66586,0.87753,0.73123,0.75556,0.58715,0.65602,1.34576,0.70466,1.09607,0,6.72044e-05,6.72044e-05,6.72044e-05
951,23319.9,0.13046,0.11833,0.12618,0.80048,0,0.87756,0.73123,0.76114,0.66994,0.87756,0.73123,0.76114,0.59026,0.65536,1.36105,0.70818,1.09432,0,6.61045e-05,6.61045e-05,6.61045e-05
952,23344.5,0.14286,0.10535,0.13141,0.79624,0,0.8813,0.73123,0.76073,0.6721,0.8813,0.73123,0.76073,0.59047,0.65654,1.35994,0.70936,1.09367,0,6.50046e-05,6.50046e-05,6.50046e-05
953,23369,0.14656,0.11774,0.13022,0.80469,0,0.88197,0.73123,0.7594,0.67447,0.88197,0.73123,0.7594,0.59103,0.65679,1.35732,0.71292,1.09371,0,6.39047e-05,6.39047e-05,6.39047e-05
954,23393.4,0.14785,0.11808,0.1417,0.79775,0,0.88486,0.73123,0.75663,0.67258,0.88486,0.73123,0.75663,0.58828,0.65663,1.35655,0.71252,1.09402,0,6.28048e-05,6.28048e-05,6.28048e-05
955,23417.9,0.17265,0.17723,0.16369,0.80797,0,0.88276,0.73123,0.74874,0.66412,0.88276,0.73123,0.74874,0.58134,0.65747,1.35261,0.71217,1.09661,0,6.17049e-05,6.17049e-05,6.17049e-05
956,23442.4,0.14083,0.11869,0.1277,0.78667,0,0.8822,0.73123,0.74906,0.66386,0.8822,0.73123,0.74906,0.58252,0.6569,1.34661,0.71168,1.09798,0,6.06051e-05,6.06051e-05,6.06051e-05
957,23466.9,0.15257,0.11548,0.14582,0.79626,0,0.88155,0.73123,0.75012,0.66397,0.88155,0.73123,0.75012,0.58315,0.65567,1.33929,0.71273,1.09794,0,5.95052e-05,5.95052e-05,5.95052e-05
958,23491.5,0.13727,0.10894,0.12964,0.79416,0,0.87067,0.73123,0.75467,0.6654,0.87067,0.73123,0.75467,0.58848,0.65446,1.34191,0.71485,1.09807,0,5.84053e-05,5.84053e-05,5.84053e-05
959,23516,0.13249,0.11326,0.12056,0.76163,0,0.87179,0.73123,0.7483,0.66257,0.87179,0.73123,0.7483,0.58651,0.65439,1.34881,0.71629,1.09831,0,5.73054e-05,5.73054e-05,5.73054e-05
960,23540.5,0.14328,0.10416,0.12731,0.79173,0,0.8596,0.73123,0.72885,0.64892,0.8596,0.73123,0.72885,0.57324,0.65469,1.35607,0.7169,1.09936,0,5.62055e-05,5.62055e-05,5.62055e-05
961,23565,0.14673,0.11267,0.1457,0.78513,0,0.85302,0.73617,0.72893,0.64902,0.85302,0.73617,0.72893,0.57215,0.65384,1.36144,0.71814,1.09805,0,5.51056e-05,5.51056e-05,5.51056e-05
962,23589.5,0.15104,0.12762,0.13546,0.80485,0,0.85361,0.73634,0.72893,0.64877,0.85361,0.73634,0.72893,0.56867,0.65375,1.36799,0.71512,1.09865,0,5.40057e-05,5.40057e-05,5.40057e-05
963,23614.2,0.15181,0.12797,0.13551,0.79957,0,0.85633,0.73209,0.72887,0.64949,0.85633,0.73209,0.72887,0.57196,0.65301,1.36834,0.71219,1.09775,0,5.29058e-05,5.29058e-05,5.29058e-05
964,23638.7,0.15016,0.12279,0.13544,0.80316,0,0.87165,0.73123,0.72672,0.64824,0.87165,0.73123,0.72672,0.56736,0.65179,1.37225,0.70678,1.09752,0,5.18059e-05,5.18059e-05,5.18059e-05
965,23663.1,0.14259,0.13452,0.12511,0.78647,0,0.87252,0.73123,0.78312,0.69412,0.87252,0.73123,0.78312,0.61364,0.65065,1.37679,0.70134,1.09629,0,5.0706e-05,5.0706e-05,5.0706e-05
966,23687.7,0.14431,0.13084,0.13077,0.78418,0,0.87255,0.73123,0.83262,0.73248,0.87255,0.73123,0.83262,0.6532,0.65029,1.37331,0.69772,1.09555,0,4.96062e-05,4.96062e-05,4.96062e-05
967,23712.2,0.14143,0.12757,0.14053,0.80052,0,0.87257,0.73123,0.83111,0.73155,0.87257,0.73123,0.83111,0.65202,0.64936,1.36553,0.69212,1.09778,0,4.85063e-05,4.85063e-05,4.85063e-05
968,23736.8,0.13701,0.14752,0.12538,0.78414,0,0.87775,0.73123,0.83211,0.73244,0.87775,0.73123,0.83211,0.65281,0.64813,1.36273,0.69069,1.09442,0,4.74064e-05,4.74064e-05,4.74064e-05
969,23761.3,0.13899,0.13112,0.1356,0.80006,0,0.8779,0.73123,0.73482,0.65449,0.8779,0.73123,0.73482,0.57588,0.64799,1.35556,0.69029,1.09437,0,4.63065e-05,4.63065e-05,4.63065e-05
970,23785.9,0.13747,0.10866,0.12358,0.79973,0,0.87265,0.73123,0.73941,0.65824,0.87265,0.73123,0.73941,0.58011,0.64792,1.35571,0.68989,1.09549,0,4.52066e-05,4.52066e-05,4.52066e-05
971,23810.4,0.1306,0.11129,0.12854,0.79959,0,0.8742,0.73123,0.73963,0.65814,0.8742,0.73123,0.73963,0.57876,0.64869,1.35759,0.69258,1.09616,0,4.41067e-05,4.41067e-05,4.41067e-05
972,23834.9,0.13981,0.13604,0.13312,0.80171,0,0.87362,0.73123,0.74074,0.65831,0.87362,0.73123,0.74074,0.58083,0.64921,1.35777,0.69641,1.09648,0,4.30068e-05,4.30068e-05,4.30068e-05
973,23859.4,0.13425,0.11049,0.13077,0.80015,0,0.87433,0.73123,0.74066,0.65759,0.87433,0.73123,0.74066,0.58255,0.64941,1.3542,0.69855,1.09675,0,4.19069e-05,4.19069e-05,4.19069e-05
974,23883.9,0.13637,0.16748,0.13518,0.79252,0,0.87604,0.73123,0.73862,0.65579,0.87604,0.73123,0.73862,0.58231,0.64956,1.35062,0.6996,1.09592,0,4.0807e-05,4.0807e-05,4.0807e-05
975,23908.4,0.14298,0.14568,0.12687,0.79006,0,0.87537,0.73123,0.73834,0.65564,0.87537,0.73123,0.73834,0.58048,0.64999,1.34999,0.70483,1.09619,0,3.97071e-05,3.97071e-05,3.97071e-05
976,23933,0.14104,0.12362,0.1306,0.79842,0,0.87635,0.73123,0.73847,0.65732,0.87635,0.73123,0.73847,0.5805,0.65002,1.34501,0.70852,1.096,0,3.86073e-05,3.86073e-05,3.86073e-05
977,23957.5,0.15329,0.11895,0.14885,0.79237,0,0.87656,0.73123,0.7398,0.65838,0.87656,0.73123,0.7398,0.58167,0.65033,1.34482,0.71436,1.09632,0,3.75074e-05,3.75074e-05,3.75074e-05
978,23982,0.13122,0.12035,0.12797,0.79442,0,0.87771,0.73123,0.74323,0.66122,0.87771,0.73123,0.74323,0.58382,0.65177,1.34945,0.71739,1.09624,0,3.64075e-05,3.64075e-05,3.64075e-05
979,24006.6,0.13104,0.11925,0.12321,0.79392,0,0.87708,0.73123,0.743,0.66172,0.87708,0.73123,0.743,0.58485,0.65334,1.36097,0.71978,1.09606,0,3.53076e-05,3.53076e-05,3.53076e-05
980,24031.1,0.13119,0.10983,0.13134,0.78813,0,0.87783,0.73123,0.74102,0.65994,0.87783,0.73123,0.74102,0.58184,0.65295,1.35728,0.72167,1.09557,0,3.42077e-05,3.42077e-05,3.42077e-05
981,24055.5,0.13498,0.13961,0.13158,0.77608,0,0.87249,0.73123,0.73801,0.6569,0.87249,0.73123,0.73801,0.57818,0.65253,1.35619,0.7197,1.09518,0,3.31078e-05,3.31078e-05,3.31078e-05
982,24080.1,0.13924,0.11314,0.13477,0.80283,0,0.87276,0.73123,0.73984,0.65844,0.87276,0.73123,0.73984,0.57978,0.65225,1.35259,0.7201,1.09532,0,3.20079e-05,3.20079e-05,3.20079e-05
983,24104.5,0.14459,0.14098,0.14112,0.80033,0,0.87232,0.73123,0.74002,0.658,0.87232,0.73123,0.74002,0.57969,0.65153,1.35101,0.71876,1.09503,0,3.0908e-05,3.0908e-05,3.0908e-05
984,24129.1,0.1368,0.12854,0.13815,0.80955,0,0.87193,0.73123,0.74002,0.65757,0.87193,0.73123,0.74002,0.58168,0.65059,1.35063,0.71577,1.09491,0,2.98081e-05,2.98081e-05,2.98081e-05
985,24153.7,0.13331,0.1201,0.13553,0.79413,0,0.87335,0.73123,0.74004,0.65885,0.87335,0.73123,0.74004,0.58186,0.65167,1.35127,0.71838,1.09631,0,2.87082e-05,2.87082e-05,2.87082e-05
986,24178.2,0.12925,0.11046,0.12339,0.79763,0,0.87376,0.73123,0.73723,0.65662,0.87376,0.73123,0.73723,0.57957,0.65087,1.34538,0.71444,1.09664,0,2.76084e-05,2.76084e-05,2.76084e-05
987,24202.7,0.13925,0.12013,0.12518,0.79062,0,0.88273,0.73123,0.73973,0.65884,0.88273,0.73123,0.73973,0.58118,0.65138,1.34337,0.71298,1.09728,0,2.65085e-05,2.65085e-05,2.65085e-05
988,24227.2,0.13137,0.10912,0.13262,0.80045,0,0.88588,0.7358,0.74312,0.6619,0.88588,0.7358,0.74312,0.58143,0.65134,1.34439,0.71506,1.09796,0,2.54086e-05,2.54086e-05,2.54086e-05
989,24251.7,0.13521,0.12019,0.12915,0.79724,0,0.88665,0.73567,0.74323,0.66143,0.88665,0.73567,0.74323,0.58149,0.65155,1.34513,0.71592,1.09847,0,2.43087e-05,2.43087e-05,2.43087e-05
990,24276.2,0.14571,0.11726,0.1383,0.81091,0,0.88713,0.73589,0.74373,0.66146,0.88713,0.73589,0.74373,0.57982,0.65213,1.34603,0.71566,1.09936,0,2.32088e-05,2.32088e-05,2.32088e-05
991,24301.1,0.1639,0.13077,0.15397,0.77632,0,0.88364,0.73123,0.7513,0.66925,0.88364,0.73123,0.7513,0.58778,0.65249,1.35487,0.71071,1.10066,0,2.21089e-05,2.21089e-05,2.21089e-05
992,24325.5,0.12625,0.08345,0.24177,0.76127,0,0.88385,0.73123,0.85197,0.74013,0.88385,0.73123,0.85197,0.67017,0.65213,1.36356,0.70642,1.10107,0,2.1009e-05,2.1009e-05,2.1009e-05
993,24349.9,0.12982,0.08784,0.13816,0.76713,0,0.88351,0.73123,0.85213,0.75058,0.88351,0.73123,0.85213,0.67236,0.65227,1.36406,0.70357,1.10107,0,1.99091e-05,1.99091e-05,1.99091e-05
994,24374.3,0.11921,0.09059,0.12542,0.78173,0,0.88352,0.73123,0.85255,0.75112,0.88352,0.73123,0.85255,0.66887,0.6528,1.36389,0.70182,1.09864,0,1.88092e-05,1.88092e-05,1.88092e-05
995,24398.7,0.11719,0.09686,0.11465,0.76511,0,0.88338,0.73123,0.85371,0.75205,0.88338,0.73123,0.85371,0.67037,0.65219,1.36305,0.69699,1.09546,0,1.77093e-05,1.77093e-05,1.77093e-05
996,24423.2,0.12858,0.10219,0.1284,0.77822,0,0.88272,0.73123,0.85389,0.75187,0.88272,0.73123,0.85389,0.67038,0.65148,1.36271,0.69076,1.09299,0,1.66095e-05,1.66095e-05,1.66095e-05
997,24447.7,0.14028,0.10382,0.12864,0.77303,0,0.88348,0.73123,0.85228,0.75116,0.88348,0.73123,0.85228,0.66747,0.65128,1.35861,0.68533,1.09182,0,1.55096e-05,1.55096e-05,1.55096e-05
998,24472.1,0.1297,0.10557,0.12881,0.78853,0,0.8841,0.73123,0.9177,0.80312,0.8841,0.73123,0.9177,0.72214,0.65146,1.35604,0.68025,1.09066,0,1.44097e-05,1.44097e-05,1.44097e-05
999,24496.5,0.12575,0.12285,0.11534,0.77115,0,0.88425,0.73123,0.91548,0.801,0.88425,0.73123,0.91548,0.71819,0.65079,1.34499,0.67925,1.0898,0,1.33098e-05,1.33098e-05,1.33098e-05
1000,24520.9,0.12431,0.1111,0.1199,0.79075,0,0.88409,0.73123,0.91548,0.79925,0.88409,0.73123,0.91548,0.71853,0.65071,1.33841,0.67738,1.08925,0,1.22099e-05,1.22099e-05,1.22099e-05
